       1074.9871       0.0000000
       1075.4871       0.0000000
       1075.9871       0.0000000
       1076.4871       0.0000000
       1076.9871       0.0000000
       1077.4871       0.0000000
       1077.9871       0.0000000
       1078.4871       0.0000000
       1078.9871       0.0000000
       1079.4871       0.0000000
       1079.9871       0.0000000
       1080.4871       0.0000000
       1080.9871       0.0000000
       1081.4871       0.0000000
       1081.9871       0.0000000
       1082.4871       0.0000000
       1082.9871       0.0000000
       1083.4871       0.0000000
       1083.9871       0.0000000
       1084.4871       0.0000000
       1084.9871       0.0000000
       1085.4871       0.0000000
       1085.9871       0.0000000
       1086.4871       0.0000000
       1086.9871       0.0000000
       1087.4871       0.0000000
       1087.9871       0.0000000
       1088.4871       0.0000000
       1088.9871       0.0000000
       1089.4871       0.0000000
       1089.9871       0.0000000
       1090.4871       0.0000000
       1090.9871       0.0000000
       1091.4871       0.0000000
       1091.9871       0.0000000
       1092.4871       0.0000000
       1092.9871       0.0000000
       1093.4871       0.0000000
       1093.9871       0.0000000
       1094.4871       0.0000000
       1094.9871       0.0000000
       1095.4871       0.0000000
       1095.9871       0.0000000
       1096.4871       0.0000000
       1096.9871       0.0000000
       1097.4871       0.0000000
       1097.9871       0.0000000
       1098.4871       0.0000000
       1098.9871       0.0000000
       1099.4871       0.0000000
       1099.9871       0.0000000
       1100.4871       0.0000000
       1100.9871       0.0000000
       1101.4871       0.0000000
       1101.9871       0.0000000
       1102.4871       0.0000000
       1102.9871       0.0000000
       1103.4871       0.0000000
       1103.9871       0.0000000
       1104.4871       0.0000000
       1104.9871       0.0000000
       1105.4871       0.0000000
       1105.9871       0.0000000
       1106.4871       0.0000000
       1106.9871       0.0000000
       1107.4871       0.0000000
       1107.9871       0.0000000
       1108.4871       0.0000000
       1108.9871       0.0000000
       1109.4871       0.0000000
       1109.9871       0.0000000
       1110.4871       0.0000000
       1110.9871       0.0000000
       1111.4871       0.0000000
       1111.9871       0.0000000
       1112.4871       0.0000000
       1112.9871       0.0000000
       1113.4871       0.0000000
       1113.9871       0.0000000
       1114.4871       0.0000000
       1114.9871       0.0000000
       1115.4871       0.0000000
       1115.9871       0.0000000
       1116.4871       0.0000000
       1116.9871       0.0000000
       1117.4871       0.0000000
       1117.9871       0.0000000
       1118.4871       0.0000000
       1118.9871       0.0000000
       1119.4871       0.0000000
       1119.9871       0.0000000
       1120.4871       0.0000000
       1120.9871       0.0000000
       1121.4871       0.0000000
       1121.9871       0.0000000
       1122.4871       0.0000000
       1122.9871       0.0000000
       1123.4871       0.0000000
       1123.9871       0.0000000
       1124.4871       0.0000000
       1124.9871       0.0000000
       1125.4871       0.0000000
       1125.9871       0.0000000
       1126.4871       0.0000000
       1126.9871       0.0000000
       1127.4871       0.0000000
       1127.9871       0.0000000
       1128.4871       0.0000000
       1128.9871       0.0000000
       1129.4871       0.0000000
       1129.9871       0.0000000
       1130.4871       0.0000000
       1130.9871       0.0000000
       1131.4871       0.0000000
       1131.9871       0.0000000
       1132.4871       0.0000000
       1132.9871       0.0000000
       1133.4871       0.0000000
       1133.9871       0.0000000
       1134.4871       0.0000000
       1134.9871       0.0000000
       1135.4871       0.0000000
       1135.9871       0.0000000
       1136.4871       0.0000000
       1136.9871       0.0000000
       1137.4871       0.0000000
       1137.9871       0.0000000
       1138.4871       0.0000000
       1138.9871       0.0000000
       1139.4871       0.0000000
       1139.9871       0.0000000
       1140.4871       0.0000000
       1140.9871       0.0000000
       1141.4871       0.0000000
       1141.9871       0.0000000
       1142.4871       0.0000000
       1142.9871       0.0000000
       1143.4871       0.0000000
       1143.9871       0.0000000
       1144.4871       0.0000000
       1144.9871       0.0000000
       1145.4871       0.0000000
       1145.9871       0.0000000
       1146.4871       0.0000000
       1146.9871       0.0000000
       1147.4871       0.0000000
       1147.9871       0.0000000
       1148.4871       0.0000000
       1148.9871       0.0000000
       1149.4871       0.0000000
       1149.9871       0.0000000
       1150.4871       0.0000000
       1150.9871       0.0000000
       1151.4871       0.0000000
       1151.9871       0.0000000
       1152.4871       0.0000000
       1152.9871       0.0000000
       1153.4871       0.0000000
       1153.9871       0.0000000
       1154.4871       0.0000000
       1154.9871       0.0000000
       1155.4871       0.0000000
       1155.9871       0.0000000
       1156.4871       0.0000000
       1156.9871       0.0000000
       1157.4871       0.0000000
       1157.9871       0.0000000
       1158.4871       0.0000000
       1158.9871       0.0000000
       1159.4871       0.0000000
       1159.9871       0.0000000
       1160.4871       0.0000000
       1160.9871       0.0000000
       1161.4871       0.0000000
       1161.9871       0.0000000
       1162.4871       0.0000000
       1162.9871       0.0000000
       1163.4871       0.0000000
       1163.9871       0.0000000
       1164.4871       0.0000000
       1164.9871       0.0000000
       1165.4871       0.0000000
       1165.9871       0.0000000
       1166.4871       0.0000000
       1166.9871       0.0000000
       1167.4871       0.0000000
       1167.9871       0.0000000
       1168.4871       0.0000000
       1168.9871       0.0000000
       1169.4871       0.0000000
       1169.9871       0.0000000
       1170.4871       0.0000000
       1170.9871       0.0000000
       1171.4871       0.0000000
       1171.9871       0.0000000
       1172.4871       0.0000000
       1172.9871       0.0000000
       1173.4871       0.0000000
       1173.9871       0.0000000
       1174.4871       0.0000000
       1174.9871       0.0000000
       1175.4871       0.0000000
       1175.9871   5.6696884e-07
       1176.4871   5.0868338e-06
       1176.9871   1.1280925e-05
       1177.4871   1.6577615e-05
       1177.9871   2.0979645e-05
       1178.4871   3.1593310e-05
       1178.9871   4.6358492e-05
       1179.4871   6.8966518e-05
       1179.9871   0.00010275127
       1180.4871   0.00013597320
       1180.9871   0.00016854108
       1181.4871   0.00019032384
       1181.9871   0.00021098952
       1182.4871   0.00023371391
       1182.9871   0.00025869650
       1183.4871   0.00028613967
       1183.9871   0.00031625717
       1184.4871   0.00034929766
       1184.9871   0.00038550906
       1185.4871   0.00042516501
       1185.9871   0.00046855591
       1186.4871   0.00051599571
       1186.9871   0.00056783574
       1187.4871   0.00062443100
       1187.9871   0.00068616972
       1188.4871   0.00075345850
       1188.9871   0.00082674785
       1189.4871   0.00090652094
       1189.9871   0.00099327351
       1190.4871    0.0010875432
       1190.9871    0.0011898842
       1191.4871    0.0013009284
       1191.9871    0.0014213213
       1192.4871    0.0015517389
       1192.9871    0.0016934042
       1193.4871    0.0018508534
       1193.9871    0.0020281450
       1194.4871    0.0022198905
       1194.9871    0.0024245802
       1195.4871    0.0026385722
       1195.9871    0.0028698312
       1196.4871    0.0031269426
       1196.9871    0.0034049925
       1197.4871    0.0037062736
       1197.9871    0.0040328549
       1198.4871    0.0043855623
       1198.9871    0.0047670990
       1199.4871    0.0051749970
       1199.9871    0.0056167811
       1200.4871    0.0060941707
       1200.9871    0.0066013667
       1201.4871    0.0071337116
       1201.9871    0.0076972904
       1202.4871    0.0082990076
       1202.9871    0.0089416014
       1203.4871    0.0096274640
       1203.9871     0.010359013
       1204.4871     0.011138636
       1204.9871     0.011968880
       1205.4871     0.012852207
       1205.9871     0.013791609
       1206.4871     0.014789839
       1206.9871     0.015849980
       1207.4871     0.016976841
       1207.9871     0.018174161
       1208.4871     0.019444205
       1208.9871     0.020797911
       1209.4871     0.022228808
       1209.9871     0.023739447
       1210.4871     0.025332783
       1210.9871     0.027017934
       1211.4871     0.028801163
       1211.9871     0.030684518
       1212.4871     0.032670437
       1212.9871     0.034761914
       1213.4871     0.036962628
       1213.9871     0.039272088
       1214.4871     0.041696435
       1214.9871     0.044240225
       1215.4871     0.046908946
       1215.9871     0.049708914
       1216.4871     0.052645593
       1216.9871     0.055717839
       1217.4871     0.058927575
       1217.9871     0.062282008
       1218.4871     0.065786767
       1218.9871     0.069445894
       1219.4871     0.073263541
       1219.9871     0.077242938
       1220.4871     0.081389607
       1220.9871     0.085707040
       1221.4871     0.090198976
       1221.9871     0.094870278
       1222.4871     0.099729041
       1222.9871      0.10477259
       1223.4871      0.11000671
       1223.9871      0.11543361
       1224.4871      0.12105659
       1224.9871      0.12687838
       1225.4871      0.13290138
       1225.9871      0.13913037
       1226.4871      0.14556687
       1226.9871      0.15221324
       1227.4871      0.15907090
       1227.9871      0.16614234
       1228.4871      0.17343062
       1228.9871      0.18093635
       1229.4871      0.18866081
       1229.9871      0.19660389
       1230.4871      0.20476797
       1230.9871      0.21315400
       1231.4871      0.22176151
       1231.9871      0.23059065
       1232.4871      0.23963922
       1232.9871      0.24890971
       1233.4871      0.25840048
       1233.9871      0.26810987
       1234.4871      0.27803653
       1234.9871      0.28817627
       1235.4871      0.29853491
       1235.9871      0.30910857
       1236.4871      0.31989022
       1236.9871      0.33087646
       1237.4871      0.34206216
       1237.9871      0.35344796
       1238.4871      0.36502750
       1238.9871      0.37679649
       1239.4871      0.38874915
       1239.9871      0.40088023
       1240.4871      0.41318753
       1240.9871      0.42566319
       1241.4871      0.43830142
       1241.9871      0.45109425
       1242.4871      0.46403642
       1242.9871      0.47712255
       1243.4871      0.49034391
       1243.9871      0.50369274
       1244.4871      0.51715899
       1244.9871      0.53073787
       1245.4871      0.54442080
       1245.9871      0.55819776
       1246.4871      0.57205985
       1246.9871      0.58599451
       1247.4871      0.59999807
       1247.9871      0.61405810
       1248.4871      0.62816407
       1248.9871      0.64230628
       1249.4871      0.65647016
       1249.9871      0.67065036
       1250.4871      0.68483313
       1250.9871      0.69900677
       1251.4871      0.71315909
       1251.9871      0.72727716
       1252.4871      0.74135386
       1252.9871      0.75537417
       1253.4871      0.76932600
       1253.9871      0.78319546
       1254.4871      0.79697078
       1254.9871      0.81064192
       1255.4871      0.82419398
       1255.9871      0.83761422
       1256.4871      0.85088771
       1256.9871      0.86400378
       1257.4871      0.87695017
       1257.9871      0.88971230
       1258.4871      0.90227694
       1258.9871      0.91462874
       1259.4871      0.92675820
       1259.9871      0.93865143
       1260.4871      0.95029425
       1260.9871      0.96167394
       1261.4871      0.97277454
       1261.9871      0.98358829
       1262.4871      0.99408943
       1262.9871       1.0042752
       1263.4871       1.0141320
       1263.9871       1.0236492
       1264.4871       1.0328124
       1264.9871       1.0416128
       1265.4871       1.0500367
       1265.9871       1.0580738
       1266.4871       1.0657125
       1266.9871       1.0729416
       1267.4871       1.0797522
       1267.9871       1.0861335
       1268.4871       1.0920757
       1268.9871       1.0975684
       1269.4871       1.1026048
       1269.9871       1.1071770
       1270.4871       1.1112753
       1270.9871       1.1148937
       1271.4871       1.1180249
       1271.9871       1.1206622
       1272.4871       1.1228008
       1272.9871       1.1244362
       1273.4871       1.1255622
       1273.9871       1.1261767
       1274.4871       1.1262750
       1274.9871       1.1258552
       1275.4871       1.1249107
       1275.9871       1.1234313
       1276.4871       1.1214321
       1276.9871       1.1189111
       1277.4871       1.1158693
       1277.9871       1.1123095
       1278.4871       1.1082338
       1278.9871       1.1036468
       1279.4871       1.0985514
       1279.9871       1.0929546
       1280.4871       1.0868629
       1280.9871       1.0802837
       1281.4871       1.0732216
       1281.9871       1.0656803
       1282.4871       1.0576714
       1282.9871       1.0492042
       1283.4871       1.0402905
       1283.9871       1.0309404
       1284.4871       1.0211676
       1284.9871       1.0109839
       1285.4871       1.0003952
       1285.9871      0.98941500
       1286.4871      0.97805929
       1286.9871      0.96634065
       1287.4871      0.95427744
       1287.9871      0.94188242
       1288.4871      0.92917618
       1288.9871      0.91616008
       1289.4871      0.90285217
       1289.9871      0.88927975
       1290.4871      0.87546177
       1290.9871      0.86141569
       1291.4871      0.84715089
       1291.9871      0.83268984
       1292.4871      0.81805283
       1292.9871      0.80325675
       1293.4871      0.78832285
       1293.9871      0.77327053
       1294.4871      0.75811955
       1294.9871      0.74288130
       1295.4871      0.72758169
       1295.9871      0.71224124
       1296.4871      0.69687236
       1296.9871      0.68149512
       1297.4871      0.66612850
       1297.9871      0.65079809
       1298.4871      0.63551689
       1298.9871      0.62030022
       1299.4871      0.60516964
       1299.9871      0.59014939
       1300.4871      0.57525739
       1300.9871      0.56049914
       1301.4871      0.54589214
       1301.9871      0.53145966
       1302.4871      0.51722216
       1302.9871      0.50319542
       1303.4871      0.48938878
       1303.9871      0.47582346
       1304.4871      0.46252073
       1304.9871      0.44948783
       1305.4871      0.43673163
       1305.9871      0.42427414
       1306.4871      0.41212631
       1306.9871      0.40030860
       1307.4871      0.38883414
       1307.9871      0.37770674
       1308.4871      0.36694543
       1308.9871      0.35656329
       1309.4871      0.34657149
       1309.9871      0.33697816
       1310.4871      0.32778850
       1310.9871      0.31901328
       1311.4871      0.31066685
       1311.9871      0.30276361
       1312.4871      0.29531091
       1312.9871      0.28831663
       1313.4871      0.28178875
       1313.9871      0.27573751
       1314.4871      0.27017639
       1314.9871      0.26510831
       1315.4871      0.26054781
       1315.9871      0.25650453
       1316.4871      0.25297711
       1316.9871      0.24997328
       1317.4871      0.24750012
       1317.9871      0.24556434
       1318.4871      0.24417150
       1318.9871      0.24332800
       1319.4871      0.24303974
       1319.9871      0.24331306
       1320.4871      0.24415407
       1320.9871      0.24557034
       1321.4871      0.24756390
       1321.9871      0.25013494
       1322.4871      0.25328892
       1322.9871      0.25702685
       1323.4871      0.26135545
       1323.9871      0.26627786
       1324.4871      0.27179641
       1324.9871      0.27791165
       1325.4871      0.28462366
       1325.9871      0.29193797
       1326.4871      0.29985617
       1326.9871      0.30837868
       1327.4871      0.31749505
       1327.9871      0.32721373
       1328.4871      0.33752713
       1328.9871      0.34844189
       1329.4871      0.35997144
       1329.9871      0.37209588
       1330.4871      0.38482440
       1330.9871      0.39813773
       1331.4871      0.41202838
       1331.9871      0.42648917
       1332.4871      0.44151194
       1332.9871      0.45709374
       1333.4871      0.47322317
       1333.9871      0.48989078
       1334.4871      0.50708421
       1334.9871      0.52479317
       1335.4871      0.54300868
       1335.9871      0.56171507
       1336.4871      0.58089818
       1336.9871      0.60053986
       1337.4871      0.62062811
       1337.9871      0.64114675
       1338.4871      0.66207566
       1338.9871      0.68339602
       1339.4871      0.70508352
       1339.9871      0.72712482
       1340.4871      0.74949588
       1340.9871      0.77217279
       1341.4871      0.79513174
       1341.9871      0.81834296
       1342.4871      0.84179600
       1342.9871      0.86544985
       1343.4871      0.88928757
       1343.9871      0.91327865
       1344.4871      0.93739488
       1344.9871      0.96160915
       1345.4871      0.98588235
       1345.9871       1.0101909
       1346.4871       1.0345062
       1346.9871       1.0587862
       1347.4871       1.0829989
       1347.9871       1.1071250
       1348.4871       1.1311307
       1348.9871       1.1549801
       1349.4871       1.1786382
       1349.9871       1.2020833
       1350.4871       1.2252902
       1350.9871       1.2482202
       1351.4871       1.2708328
       1351.9871       1.2930905
       1352.4871       1.3149682
       1352.9871       1.3364389
       1353.4871       1.3574650
       1353.9871       1.3780253
       1354.4871       1.3980865
       1354.9871       1.4176213
       1355.4871       1.4366065
       1355.9871       1.4549940
       1356.4871       1.4727800
       1356.9871       1.4899240
       1357.4871       1.5064150
       1357.9871       1.5222293
       1358.4871       1.5373426
       1358.9871       1.5517424
       1359.4871       1.5654124
       1359.9871       1.5783353
       1360.4871       1.5904881
       1360.9871       1.6018533
       1361.4871       1.6124256
       1361.9871       1.6221963
       1362.4871       1.6311584
       1362.9871       1.6393103
       1363.4871       1.6466478
       1363.9871       1.6531626
       1364.4871       1.6588445
       1364.9871       1.6636924
       1365.4871       1.6677170
       1365.9871       1.6709201
       1366.4871       1.6733053
       1366.9871       1.6748777
       1367.4871       1.6756440
       1367.9871       1.6756133
       1368.4871       1.6747981
       1368.9871       1.6732053
       1369.4871       1.6708453
       1369.9871       1.6677470
       1370.4871       1.6639288
       1370.9871       1.6594117
       1371.4871       1.6542168
       1371.9871       1.6483636
       1372.4871       1.6418796
       1372.9871       1.6347939
       1373.4871       1.6271262
       1373.9871       1.6189073
       1374.4871       1.6101641
       1374.9871       1.6009309
       1375.4871       1.5912386
       1375.9871       1.5811198
       1376.4871       1.5706060
       1376.9871       1.5597351
       1377.4871       1.5485415
       1377.9871       1.5370586
       1378.4871       1.5253298
       1378.9871       1.5133852
       1379.4871       1.5012614
       1379.9871       1.4889997
       1380.4871       1.4766396
       1380.9871       1.4642199
       1381.4871       1.4517769
       1381.9871       1.4393559
       1382.4871       1.4269976
       1382.9871       1.4147470
       1383.4871       1.4026460
       1383.9871       1.3907255
       1384.4871       1.3790273
       1384.9871       1.3675926
       1385.4871       1.3564645
       1385.9871       1.3456893
       1386.4871       1.3352957
       1386.9871       1.3253229
       1387.4871       1.3158118
       1387.9871       1.3068061
       1388.4871       1.2983424
       1388.9871       1.2904538
       1389.4871       1.2831757
       1389.9871       1.2765423
       1390.4871       1.2705927
       1390.9871       1.2653657
       1391.4871       1.2608910
       1391.9871       1.2572006
       1392.4871       1.2543246
       1392.9871       1.2522911
       1393.4871       1.2511316
       1393.9871       1.2508752
       1394.4871       1.2515473
       1394.9871       1.2531764
       1395.4871       1.2557863
       1395.9871       1.2594262
       1396.4871       1.2640921
       1396.9871       1.2698049
       1397.4871       1.2765835
       1397.9871       1.2844469
       1398.4871       1.2934091
       1398.9871       1.3034828
       1399.4871       1.3146801
       1399.9871       1.3270171
       1400.4871       1.3404937
       1400.9871       1.3551114
       1401.4871       1.3708868
       1401.9871       1.3878267
       1402.4871       1.4059310
       1402.9871       1.4251957
       1403.4871       1.4456220
       1403.9871       1.4672110
       1404.4871       1.4899527
       1404.9871       1.5138387
       1405.4871       1.5388574
       1405.9871       1.5650056
       1406.4871       1.5922687
       1406.9871       1.6206330
       1407.4871       1.6500771
       1407.9871       1.6805819
       1408.4871       1.7121417
       1408.9871       1.7447274
       1409.4871       1.7783499
       1409.9871       1.8129428
       1410.4871       1.8484762
       1410.9871       1.8849408
       1411.4871       1.9222907
       1411.9871       1.9604986
       1412.4871       1.9995304
       1412.9871       2.0393490
       1413.4871       2.0799336
       1413.9871       2.1212407
       1414.4871       2.1632332
       1414.9871       2.2058656
       1415.4871       2.2491056
       1415.9871       2.2929223
       1416.4871       2.3372673
       1416.9871       2.3820964
       1417.4871       2.4273622
       1417.9871       2.4730324
       1418.4871       2.5190641
       1418.9871       2.5654104
       1419.4871       2.6120237
       1419.9871       2.6588509
       1420.4871       2.7058648
       1420.9871       2.7530108
       1421.4871       2.8002406
       1421.9871       2.8475088
       1422.4871       2.8947573
       1422.9871       2.9419687
       1423.4871       2.9890853
       1423.9871       3.0360667
       1424.4871       3.0828655
       1424.9871       3.1294340
       1425.4871       3.1757452
       1425.9871       3.2217485
       1426.4871       3.2674069
       1426.9871       3.3126738
       1427.4871       3.3575155
       1427.9871       3.4019048
       1428.4871       3.4457985
       1428.9871       3.4891603
       1429.4871       3.5319505
       1429.9871       3.5741423
       1430.4871       3.6157137
       1430.9871       3.6566334
       1431.4871       3.6968711
       1431.9871       3.7364055
       1432.4871       3.7752037
       1432.9871       3.8132519
       1433.4871       3.8505234
       1433.9871       3.8870037
       1434.4871       3.9226877
       1434.9871       3.9575440
       1435.4871       3.9915724
       1435.9871       4.0247272
       1436.4871       4.0570194
       1436.9871       4.0884506
       1437.4871       4.1190061
       1437.9871       4.1486999
       1438.4871       4.1775238
       1438.9871       4.2054758
       1439.4871       4.2325428
       1439.9871       4.2587392
       1440.4871       4.2840655
       1440.9871       4.3085238
       1441.4871       4.3321324
       1441.9871       4.3548943
       1442.4871       4.3768141
       1442.9871       4.3979073
       1443.4871       4.4181912
       1443.9871       4.4376899
       1444.4871       4.4563963
       1444.9871       4.4743277
       1445.4871       4.4915183
       1445.9871       4.5079808
       1446.4871       4.5237289
       1446.9871       4.5387736
       1447.4871       4.5531551
       1447.9871       4.5669015
       1448.4871       4.5800190
       1448.9871       4.5925316
       1449.4871       4.6044544
       1449.9871       4.6158429
       1450.4871       4.6267201
       1450.9871       4.6371026
       1451.4871       4.6470218
       1451.9871       4.6565039
       1452.4871       4.6655773
       1452.9871       4.6742645
       1453.4871       4.6825893
       1453.9871       4.6905879
       1454.4871       4.6982918
       1454.9871       4.7057218
       1455.4871       4.7129031
       1455.9871       4.7198554
       1456.4871       4.7266102
       1456.9871       4.7331990
       1457.4871       4.7396371
       1457.9871       4.7459496
       1458.4871       4.7521636
       1458.9871       4.7583026
       1459.4871       4.7643970
       1459.9871       4.7704629
       1460.4871       4.7765154
       1460.9871       4.7825723
       1461.4871       4.7886541
       1461.9871       4.7947827
       1462.4871       4.8009749
       1462.9871       4.8072443
       1463.4871       4.8135993
       1463.9871       4.8200633
       1464.4871       4.8266469
       1464.9871       4.8333655
       1465.4871       4.8402245
       1465.9871       4.8472325
       1466.4871       4.8543973
       1466.9871       4.8617270
       1467.4871       4.8692272
       1467.9871       4.8769015
       1468.4871       4.8847530
       1468.9871       4.8927845
       1469.4871       4.9009967
       1469.9871       4.9093854
       1470.4871       4.9179568
       1470.9871       4.9267063
       1471.4871       4.9356350
       1471.9871       4.9447360
       1472.4871       4.9540011
       1472.9871       4.9634236
       1473.4871       4.9729949
       1473.9871       4.9827042
       1474.4871       4.9925458
       1474.9871       5.0025075
       1475.4871       5.0125743
       1475.9871       5.0227382
       1476.4871       5.0329837
       1476.9871       5.0433006
       1477.4871       5.0536712
       1477.9871       5.0640730
       1478.4871       5.0744827
       1478.9871       5.0848807
       1479.4871       5.0952512
       1479.9871       5.1055780
       1480.4871       5.1158363
       1480.9871       5.1260052
       1481.4871       5.1360619
       1481.9871       5.1459844
       1482.4871       5.1557487
       1482.9871       5.1653278
       1483.4871       5.1746959
       1483.9871       5.1838280
       1484.4871       5.1926994
       1484.9871       5.2012811
       1485.4871       5.2095444
       1485.9871       5.2174609
       1486.4871       5.2250034
       1486.9871       5.2321421
       1487.4871       5.2388480
       1487.9871       5.2450906
       1488.4871       5.2508389
       1488.9871       5.2560643
       1489.4871       5.2607172
       1489.9871       5.2647818
       1490.4871       5.2682261
       1490.9871       5.2710215
       1491.4871       5.2731332
       1491.9871       5.2745346
       1492.4871       5.2751897
       1492.9871       5.2750728
       1493.4871       5.2741510
       1493.9871       5.2723930
       1494.4871       5.2697700
       1494.9871       5.2662508
       1495.4871       5.2618059
       1495.9871       5.2564146
       1496.4871       5.2500467
       1496.9871       5.2426707
       1497.4871       5.2342583
       1497.9871       5.2247854
       1498.4871       5.2142250
       1498.9871       5.2025541
       1499.4871       5.1897507
       1499.9871       5.1757873
       1500.4871       5.1606531
       1500.9871       5.1443227
       1501.4871       5.1267802
       1501.9871       5.1079998
       1502.4871       5.0879693
       1502.9871       5.0666394
       1503.4871       5.0440253
       1503.9871       5.0201281
       1504.4871       4.9949301
       1504.9871       4.9684264
       1505.4871       4.9406146
       1505.9871       4.9114904
       1506.4871       4.8810532
       1506.9871       4.8493012
       1507.4871       4.8162437
       1507.9871       4.7818794
       1508.4871       4.7462047
       1508.9871       4.7092320
       1509.4871       4.6709811
       1509.9871       4.6314726
       1510.4871       4.5907060
       1510.9871       4.5486970
       1511.4871       4.5054680
       1511.9871       4.4610325
       1512.4871       4.4154206
       1512.9871       4.3686493
       1513.4871       4.3207589
       1513.9871       4.2717720
       1514.4871       4.2217167
       1514.9871       4.1706346
       1515.4871       4.1185678
       1515.9871       4.0655161
       1516.4871       4.0115300
       1516.9871       3.9566733
       1517.4871       3.9009904
       1517.9871       3.8445228
       1518.4871       3.7872957
       1518.9871       3.7293715
       1519.4871       3.6708008
       1519.9871       3.6116328
       1520.4871       3.5519171
       1520.9871       3.4916925
       1521.4871       3.4310175
       1521.9871       3.3699455
       1522.4871       3.3085409
       1522.9871       3.2468507
       1523.4871       3.1849199
       1523.9871       3.1228065
       1524.4871       3.0605662
       1524.9871       2.9982653
       1525.4871       2.9359374
       1525.9871       2.8736337
       1526.4871       2.8114206
       1526.9871       2.7493491
       1527.4871       2.6874820
       1527.9871       2.6258529
       1528.4871       2.5645231
       1528.9871       2.5035381
       1529.4871       2.4429634
       1529.9871       2.3828574
       1530.4871       2.3232315
       1530.9871       2.2641457
       1531.4871       2.2056448
       1531.9871       2.1477712
       1532.4871       2.0905680
       1532.9871       2.0340590
       1533.4871       1.9783001
       1533.9871       1.9233257
       1534.4871       1.8691699
       1534.9871       1.8158585
       1535.4871       1.7634184
       1535.9871       1.7118882
       1536.4871       1.6612925
       1536.9871       1.6116612
       1537.4871       1.5630132
       1537.9871       1.5153703
       1538.4871       1.4687576
       1538.9871       1.4231948
       1539.4871       1.3787007
       1539.9871       1.3352706
       1540.4871       1.2929211
       1540.9871       1.2516726
       1541.4871       1.2115363
       1541.9871       1.1725267
       1542.4871       1.1346331
       1542.9871       1.0979063
       1543.4871       1.0623138
       1543.9871       1.0278595
       1544.4871      0.99454870
       1544.9871      0.96237096
       1545.4871      0.93133011
       1545.9871      0.90142163
       1546.4871      0.87264081
       1546.9871      0.84498378
       1547.4871      0.81844617
       1547.9871      0.79302417
       1548.4871      0.76870472
       1548.9871      0.74548214
       1549.4871      0.72335432
       1549.9871      0.70230944
       1550.4871      0.68233186
       1550.9871      0.66340854
       1551.4871      0.64553948
       1551.9871      0.62871403
       1552.4871      0.61291915
       1552.9871      0.59814332
       1553.4871      0.58438063
       1553.9871      0.57162501
       1554.4871      0.55985885
       1554.9871      0.54907431
       1555.4871      0.53926166
       1555.9871      0.53042066
       1556.4871      0.52255632
       1556.9871      0.51563200
       1557.4871      0.50963630
       1557.9871      0.50456715
       1558.4871      0.50040593
       1558.9871      0.49715238
       1559.4871      0.49479475
       1559.9871      0.49332327
       1560.4871      0.49273571
       1560.9871      0.49301914
       1561.4871      0.49416582
       1561.9871      0.49616781
       1562.4871      0.49901570
       1562.9871      0.50270245
       1563.4871      0.50722092
       1563.9871      0.51256452
       1564.4871      0.51872267
       1564.9871      0.52568707
       1565.4871      0.53345356
       1565.9871      0.54201518
       1566.4871      0.55136063
       1566.9871      0.56148750
       1567.4871      0.57238458
       1567.9871      0.58404409
       1568.4871      0.59646392
       1568.9871      0.60962581
       1569.4871      0.62354823
       1569.9871      0.63821249
       1570.4871      0.65360125
       1570.9871      0.66970639
       1571.4871      0.68651232
       1571.9871      0.70400782
       1572.4871      0.72217691
       1572.9871      0.74100952
       1573.4871      0.76049010
       1573.9871      0.78060437
       1574.4871      0.80134886
       1574.9871      0.82270158
       1575.4871      0.84464466
       1575.9871      0.86716059
       1576.4871      0.89022798
       1576.9871      0.91382984
       1577.4871      0.93795019
       1577.9871      0.96256988
       1578.4871      0.98766312
       1578.9871       1.0132134
       1579.4871       1.0391947
       1579.9871       1.0655815
       1580.4871       1.0923495
       1580.9871       1.1194604
       1581.4871       1.1469037
       1581.9871       1.1746503
       1582.4871       1.2026699
       1582.9871       1.2309346
       1583.4871       1.2593973
       1583.9871       1.2880449
       1584.4871       1.3168374
       1584.9871       1.3457458
       1585.4871       1.3747295
       1585.9871       1.4037532
       1586.4871       1.4327940
       1586.9871       1.4618098
       1587.4871       1.4907682
       1587.9871       1.5196317
       1588.4871       1.5483725
       1588.9871       1.5769563
       1589.4871       1.6053529
       1589.9871       1.6335207
       1590.4871       1.6614104
       1590.9871       1.6890018
       1591.4871       1.7162607
       1591.9871       1.7431457
       1592.4871       1.7696191
       1592.9871       1.7956405
       1593.4871       1.8211983
       1593.9871       1.8462540
       1594.4871       1.8707631
       1594.9871       1.8946981
       1595.4871       1.9180280
       1595.9871       1.9407254
       1596.4871       1.9627300
       1596.9871       1.9840295
       1597.4871       2.0046066
       1597.9871       2.0244231
       1598.4871       2.0434485
       1598.9871       2.0616690
       1599.4871       2.0790548
       1599.9871       2.0955848
       1600.4871       2.1112357
       1600.9871       2.1259883
       1601.4871       2.1398271
       1601.9871       2.1527320
       1602.4871       2.1646888
       1602.9871       2.1756813
       1603.4871       2.1856988
       1603.9871       2.1947329
       1604.4871       2.2027726
       1604.9871       2.2098096
       1605.4871       2.2158376
       1605.9871       2.2208555
       1606.4871       2.2248584
       1606.9871       2.2278468
       1607.4871       2.2298206
       1607.9871       2.2307830
       1608.4871       2.2307391
       1608.9871       2.2296942
       1609.4871       2.2276395
       1609.9871       2.2245823
       1610.4871       2.2205552
       1610.9871       2.2155669
       1611.4871       2.2096340
       1611.9871       2.2027718
       1612.4871       2.1949966
       1612.9871       2.1863296
       1613.4871       2.1767868
       1613.9871       2.1663909
       1614.4871       2.1551656
       1614.9871       2.1431360
       1615.4871       2.1303251
       1615.9871       2.1167575
       1616.4871       2.1024622
       1616.9871       2.0874659
       1617.4871       2.0718009
       1617.9871       2.0554938
       1618.4871       2.0385734
       1618.9871       2.0210725
       1619.4871       2.0030231
       1619.9871       1.9844603
       1620.4871       1.9654097
       1620.9871       1.9459070
       1621.4871       1.9259851
       1621.9871       1.9056768
       1622.4871       1.8850205
       1622.9871       1.8640321
       1623.4871       1.8427561
       1623.9871       1.8212284
       1624.4871       1.7994818
       1624.9871       1.7775500
       1625.4871       1.7554534
       1625.9871       1.7332281
       1626.4871       1.7109054
       1626.9871       1.6885229
       1627.4871       1.6661156
       1627.9871       1.6437035
       1628.4871       1.6213126
       1628.9871       1.5989676
       1629.4871       1.5766979
       1629.9871       1.5545240
       1630.4871       1.5324680
       1630.9871       1.5105557
       1631.4871       1.4888088
       1631.9871       1.4672511
       1632.4871       1.4458936
       1632.9871       1.4247553
       1633.4871       1.4038517
       1633.9871       1.3831984
       1634.4871       1.3628140
       1634.9871       1.3427005
       1635.4871       1.3228734
       1635.9871       1.3033461
       1636.4871       1.2841363
       1636.9871       1.2652428
       1637.4871       1.2466613
       1637.9871       1.2284010
       1638.4871       1.2104672
       1638.9871       1.1928638
       1639.4871       1.1755944
       1639.9871       1.1586612
       1640.4871       1.1420549
       1640.9871       1.1257766
       1641.4871       1.1098248
       1641.9871       1.0941962
       1642.4871       1.0788841
       1642.9871       1.0638811
       1643.4871       1.0491822
       1643.9871       1.0347796
       1644.4871       1.0206708
       1644.9871       1.0068456
       1645.4871      0.99329443
       1645.9871      0.98000943
       1646.4871      0.96698194
       1646.9871      0.95420700
       1647.4871      0.94167302
       1647.9871      0.92936881
       1648.4871      0.91728314
       1648.9871      0.90540757
       1649.4871      0.89374046
       1649.9871      0.88226893
       1650.4871      0.87098284
       1650.9871      0.85987489
       1651.4871      0.84893638
       1651.9871      0.83816000
       1652.4871      0.82753943
       1652.9871      0.81707172
       1653.4871      0.80675002
       1653.9871      0.79656929
       1654.4871      0.78652646
       1654.9871      0.77661516
       1655.4871      0.76683377
       1655.9871      0.75718135
       1656.4871      0.74766014
       1656.9871      0.73826829
       1657.4871      0.72900411
       1657.9871      0.71987031
       1658.4871      0.71086619
       1658.9871      0.70199989
       1659.4871      0.69327546
       1659.9871      0.68469835
       1660.4871      0.67627960
       1660.9871      0.66802795
       1661.4871      0.65995248
       1661.9871      0.65205700
       1662.4871      0.64435424
       1662.9871      0.63686199
       1663.4871      0.62958733
       1663.9871      0.62254609
       1664.4871      0.61574852
       1664.9871      0.60921004
       1665.4871      0.60294495
       1665.9871      0.59696591
       1666.4871      0.59129235
       1666.9871      0.58594344
       1667.4871      0.58093722
       1667.9871      0.57628978
       1668.4871      0.57202075
       1668.9871      0.56815192
       1669.4871      0.56470176
       1669.9871      0.56168801
       1670.4871      0.55913041
       1670.9871      0.55704859
       1671.4871      0.55546114
       1671.9871      0.55438657
       1672.4871      0.55384622
       1672.9871      0.55386150
       1673.4871      0.55445048
       1673.9871      0.55563198
       1674.4871      0.55742890
       1674.9871      0.55985650
       1675.4871      0.56292997
       1675.9871      0.56666842
       1676.4871      0.57111006
       1676.9871      0.57625065
       1677.4871      0.58210414
       1677.9871      0.58868493
       1678.4871      0.59600331
       1678.9871      0.60407342
       1679.4871      0.61290701
       1679.9871      0.62251154
       1680.4871      0.63289664
       1680.9871      0.64407253
       1681.4871      0.65604784
       1681.9871      0.66882918
       1682.4871      0.68241541
       1682.9871      0.69681295
       1683.4871      0.71202475
       1683.9871      0.72805106
       1684.4871      0.74489048
       1684.9871      0.76253452
       1685.4871      0.78097695
       1685.9871      0.80020826
       1686.4871      0.82022007
       1686.9871      0.84099878
       1687.4871      0.86253684
       1687.9871      0.88482424
       1688.4871      0.90784080
       1688.9871      0.93158107
       1689.4871      0.95602645
       1689.9871      0.98116441
       1690.4871       1.0069536
       1690.9871       1.0333667
       1691.4871       1.0603884
       1691.9871       1.0879875
       1692.4871       1.1161380
       1692.9871       1.1448024
       1693.4871       1.1739483
       1693.9871       1.2035512
       1694.4871       1.2335682
       1694.9871       1.2639623
       1695.4871       1.2946976
       1695.9871       1.3257351
       1696.4871       1.3570355
       1696.9871       1.3885584
       1697.4871       1.4202623
       1697.9871       1.4520971
       1698.4871       1.4840265
       1698.9871       1.5160086
       1699.4871       1.5479925
       1699.9871       1.5799302
       1700.4871       1.6117659
       1700.9871       1.6434613
       1701.4871       1.6749669
       1701.9871       1.7062341
       1702.4871       1.7372122
       1702.9871       1.7678408
       1703.4871       1.7980839
       1703.9871       1.8278932
       1704.4871       1.8572238
       1704.9871       1.8860257
       1705.4871       1.9142482
       1705.9871       1.9418558
       1706.4871       1.9687987
       1706.9871       1.9950356
       1707.4871       2.0205213
       1707.9871       2.0452174
       1708.4871       2.0690893
       1708.9871       2.0920953
       1709.4871       2.1141993
       1709.9871       2.1353636
       1710.4871       2.1555593
       1710.9871       2.1747577
       1711.4871       2.1929275
       1711.9871       2.2100424
       1712.4871       2.2260747
       1712.9871       2.2410074
       1713.4871       2.2548201
       1713.9871       2.2674939
       1714.4871       2.2790144
       1714.9871       2.2893670
       1715.4871       2.2985516
       1715.9871       2.3065568
       1716.4871       2.3133417
       1716.9871       2.3189278
       1717.4871       2.3233238
       1717.9871       2.3265371
       1718.4871       2.3285734
       1718.9871       2.3294408
       1719.4871       2.3291492
       1719.9871       2.3277125
       1720.4871       2.3251500
       1720.9871       2.3214830
       1721.4871       2.3167321
       1721.9871       2.3109207
       1722.4871       2.3040776
       1722.9871       2.2962294
       1723.4871       2.2874049
       1723.9871       2.2776401
       1724.4871       2.2669689
       1724.9871       2.2554310
       1725.4871       2.2430657
       1725.9871       2.2299111
       1726.4871       2.2160041
       1726.9871       2.2013870
       1727.4871       2.1861125
       1727.9871       2.1702191
       1728.4871       2.1537536
       1728.9871       2.1367672
       1729.4871       2.1193057
       1729.9871       2.1014094
       1730.4871       2.0831317
       1730.9871       2.0645260
       1731.4871       2.0456413
       1731.9871       2.0265306
       1732.4871       2.0072443
       1732.9871       1.9878230
       1733.4871       1.9683190
       1733.9871       1.9487763
       1734.4871       1.9292422
       1734.9871       1.9097629
       1735.4871       1.8903799
       1735.9871       1.8711368
       1736.4871       1.8520751
       1736.9871       1.8332361
       1737.4871       1.8146551
       1737.9871       1.7963685
       1738.4871       1.7784107
       1738.9871       1.7608120
       1739.4871       1.7436077
       1739.9871       1.7268234
       1740.4871       1.7104879
       1740.9871       1.6946238
       1741.4871       1.6792546
       1741.9871       1.6644045
       1742.4871       1.6500839
       1742.9871       1.6363177
       1743.4871       1.6231263
       1743.9871       1.6105066
       1744.4871       1.5984694
       1744.9871       1.5870162
       1745.4871       1.5761546
       1745.9871       1.5658861
       1746.4871       1.5562087
       1746.9871       1.5471163
       1747.4871       1.5386028
       1747.9871       1.5306616
       1748.4871       1.5232811
       1748.9871       1.5164509
       1749.4871       1.5101570
       1749.9871       1.5043805
       1750.4871       1.4991037
       1750.9871       1.4943108
       1751.4871       1.4899802
       1751.9871       1.4860861
       1752.4871       1.4826026
       1752.9871       1.4795059
       1753.4871       1.4767689
       1753.9871       1.4743682
       1754.4871       1.4722710
       1754.9871       1.4704505
       1755.4871       1.4688765
       1755.9871       1.4675188
       1756.4871       1.4663501
       1756.9871       1.4653352
       1757.4871       1.4644411
       1757.9871       1.4636340
       1758.4871       1.4628807
       1758.9871       1.4621530
       1759.4871       1.4614200
       1759.9871       1.4606502
       1760.4871       1.4598138
       1760.9871       1.4588808
       1761.4871       1.4578234
       1761.9871       1.4566137
       1762.4871       1.4552239
       1762.9871       1.4536283
       1763.4871       1.4518036
       1763.9871       1.4497270
       1764.4871       1.4473766
       1764.9871       1.4447315
       1765.4871       1.4417698
       1765.9871       1.4384728
       1766.4871       1.4348266
       1766.9871       1.4308157
       1767.4871       1.4264267
       1767.9871       1.4216493
       1768.4871       1.4164705
       1768.9871       1.4108814
       1769.4871       1.4048733
       1769.9871       1.3984290
       1770.4871       1.3915646
       1770.9871       1.3842799
       1771.4871       1.3765739
       1771.9871       1.3684426
       1772.4871       1.3598934
       1772.9871       1.3509324
       1773.4871       1.3415645
       1773.9871       1.3317964
       1774.4871       1.3216385
       1774.9871       1.3111040
       1775.4871       1.3002038
       1775.9871       1.2889501
       1776.4871       1.2773567
       1776.9871       1.2654380
       1777.4871       1.2532160
       1777.9871       1.2407110
       1778.4871       1.2279440
       1778.9871       1.2149325
       1779.4871       1.2016992
       1779.9871       1.1882645
       1780.4871       1.1746543
       1780.9871       1.1608965
       1781.4871       1.1470133
       1781.9871       1.1330282
       1782.4871       1.1189645
       1782.9871       1.1048487
       1783.4871       1.0907109
       1783.9871       1.0765662
       1784.4871       1.0624439
       1784.9871       1.0483706
       1785.4871       1.0343747
       1785.9871       1.0204840
       1786.4871       1.0067197
       1786.9871      0.99310999
       1787.4871      0.97967643
       1787.9871      0.96644309
       1788.4871      0.95343177
       1788.9871      0.94066341
       1789.4871      0.92816485
       1789.9871      0.91595754
       1790.4871      0.90406374
       1790.9871      0.89250233
       1791.4871      0.88129243
       1791.9871      0.87045462
       1792.4871      0.86000870
       1792.9871      0.84997342
       1793.4871      0.84035648
       1793.9871      0.83117340
       1794.4871      0.82244223
       1794.9871      0.81417726
       1795.4871      0.80638694
       1795.9871      0.79907735
       1796.4871      0.79226934
       1796.9871      0.78597106
       1797.4871      0.78018690
       1797.9871      0.77492209
       1798.4871      0.77017796
       1798.9871      0.76595954
       1799.4871      0.76226983
       1799.9871      0.75911064
       1800.4871      0.75648457
       1800.9871      0.75439173
       1801.4871      0.75282744
       1801.9871      0.75178725
       1802.4871      0.75127155
       1802.9871      0.75127719
       1803.4871      0.75179804
       1803.9871      0.75282835
       1804.4871      0.75436227
       1804.9871      0.75639114
       1805.4871      0.75890545
       1805.9871      0.76189678
       1806.4871      0.76535630
       1806.9871      0.76927302
       1807.4871      0.77364232
       1807.9871      0.77844982
       1808.4871      0.78367997
       1808.9871      0.78932229
       1809.4871      0.79536310
       1809.9871      0.80179545
       1810.4871      0.80859292
       1810.9871      0.81573986
       1811.4871      0.82322064
       1811.9871      0.83101740
       1812.4871      0.83911109
       1812.9871      0.84747951
       1813.4871      0.85610910
       1813.9871      0.86498482
       1814.4871      0.87409205
       1814.9871      0.88341363
       1815.4871      0.89293238
       1815.9871      0.90263113
       1816.4871      0.91249105
       1816.9871      0.92249540
       1817.4871      0.93262349
       1817.9871      0.94285880
       1818.4871      0.95318655
       1818.9871      0.96358958
       1819.4871      0.97404697
       1819.9871      0.98453972
       1820.4871      0.99505572
       1820.9871       1.0055789
       1821.4871       1.0160889
       1821.9871       1.0265687
       1822.4871       1.0370022
       1822.9871       1.0473807
       1823.4871       1.0576804
       1823.9871       1.0678859
       1824.4871       1.0779851
       1824.9871       1.0879614
       1825.4871       1.0978057
       1825.9871       1.1075040
       1826.4871       1.1170414
       1826.9871       1.1264021
       1827.4871       1.1355757
       1827.9871       1.1445550
       1828.4871       1.1533242
       1828.9871       1.1618714
       1829.4871       1.1701865
       1829.9871       1.1782619
       1830.4871       1.1860926
       1830.9871       1.1936654
       1831.4871       1.2009673
       1831.9871       1.2079869
       1832.4871       1.2147222
       1832.9871       1.2211710
       1833.4871       1.2273253
       1833.9871       1.2331846
       1834.4871       1.2387404
       1834.9871       1.2439894
       1835.4871       1.2489348
       1835.9871       1.2535712
       1836.4871       1.2578868
       1836.9871       1.2618761
       1837.4871       1.2655445
       1837.9871       1.2688962
       1838.4871       1.2719280
       1838.9871       1.2746419
       1839.4871       1.2770397
       1839.9871       1.2791238
       1840.4871       1.2808959
       1840.9871       1.2823559
       1841.4871       1.2835062
       1841.9871       1.2843513
       1842.4871       1.2848987
       1842.9871       1.2851561
       1843.4871       1.2851302
       1843.9871       1.2848261
       1844.4871       1.2842484
       1844.9871       1.2834037
       1845.4871       1.2823014
       1845.9871       1.2809512
       1846.4871       1.2793630
       1846.9871       1.2775441
       1847.4871       1.2755021
       1847.9871       1.2732481
       1848.4871       1.2707927
       1848.9871       1.2681470
       1849.4871       1.2653186
       1849.9871       1.2623167
       1850.4871       1.2591571
       1850.9871       1.2558503
       1851.4871       1.2524062
       1851.9871       1.2488367
       1852.4871       1.2451522
       1852.9871       1.2413641
       1853.4871       1.2374895
       1853.9871       1.2335404
       1854.4871       1.2295234
       1854.9871       1.2254470
       1855.4871       1.2213227
       1855.9871       1.2171600
       1856.4871       1.2129703
       1856.9871       1.2087619
       1857.4871       1.2045442
       1857.9871       1.2003266
       1858.4871       1.1961182
       1858.9871       1.1919297
       1859.4871       1.1877692
       1859.9871       1.1836451
       1860.4871       1.1795637
       1860.9871       1.1755322
       1861.4871       1.1715551
       1861.9871       1.1676355
       1862.4871       1.1637778
       1862.9871       1.1599845
       1863.4871       1.1562642
       1863.9871       1.1526169
       1864.4871       1.1490400
       1864.9871       1.1455377
       1865.4871       1.1421117
       1865.9871       1.1387634
       1866.4871       1.1354916
       1866.9871       1.1322909
       1867.4871       1.1291594
       1867.9871       1.1260927
       1868.4871       1.1230890
       1868.9871       1.1201462
       1869.4871       1.1172598
       1869.9871       1.1144246
       1870.4871       1.1116354
       1870.9871       1.1088872
       1871.4871       1.1061732
       1871.9871       1.1034839
       1872.4871       1.1008134
       1872.9871       1.0981555
       1873.4871       1.0955074
       1873.9871       1.0928576
       1874.4871       1.0901948
       1874.9871       1.0875116
       1875.4871       1.0847975
       1875.9871       1.0820508
       1876.4871       1.0792596
       1876.9871       1.0764123
       1877.4871       1.0735025
       1877.9871       1.0705184
       1878.4871       1.0674566
       1878.9871       1.0643105
       1879.4871       1.0610737
       1879.9871       1.0577366
       1880.4871       1.0542919
       1880.9871       1.0507325
       1881.4871       1.0470561
       1881.9871       1.0432618
       1882.4871       1.0393445
       1882.9871       1.0353021
       1883.4871       1.0311312
       1883.9871       1.0268308
       1884.4871       1.0223984
       1884.9871       1.0178323
       1885.4871       1.0131343
       1885.9871       1.0083074
       1886.4871       1.0033563
       1886.9871      0.99828232
       1887.4871      0.99309183
       1887.9871      0.98779561
       1888.4871      0.98239847
       1888.9871      0.97690598
       1889.4871      0.97132202
       1889.9871      0.96565470
       1890.4871      0.95991584
       1890.9871      0.95411952
       1891.4871      0.94827597
       1891.9871      0.94240175
       1892.4871      0.93650784
       1892.9871      0.93060788
       1893.4871      0.92471883
       1893.9871      0.91885473
       1894.4871      0.91303424
       1894.9871      0.90727553
       1895.4871      0.90159889
       1895.9871      0.89602392
       1896.4871      0.89056590
       1896.9871      0.88524600
       1897.4871      0.88008737
       1897.9871      0.87511284
       1898.4871      0.87034264
       1898.9871      0.86579985
       1899.4871      0.86150529
       1899.9871      0.85747874
       1900.4871      0.85374506
       1900.9871      0.85032905
       1901.4871      0.84725148
       1901.9871      0.84453321
       1902.4871      0.84219909
       1902.9871      0.84027059
       1903.4871      0.83878317
       1903.9871      0.83774958
       1904.4871      0.83718916
       1904.9871      0.83712523
       1905.4871      0.83758024
       1905.9871      0.83857690
       1906.4871      0.84013251
       1906.9871      0.84226718
       1907.4871      0.84500042
       1907.9871      0.84834841
       1908.4871      0.85233000
       1908.9871      0.85696017
       1909.4871      0.86225517
       1909.9871      0.86823279
       1910.4871      0.87490742
       1910.9871      0.88229209
       1911.4871      0.89039768
       1911.9871      0.89923598
       1912.4871      0.90881948
       1912.9871      0.91916144
       1913.4871      0.93026593
       1913.9871      0.94213858
       1914.4871      0.95478894
       1914.9871      0.96822169
       1915.4871      0.98244158
       1915.9871      0.99744870
       1916.4871       1.0132457
       1916.9871       1.0298549
       1917.4871       1.0472486
       1917.9871       1.0654285
       1918.4871       1.0843874
       1918.9871       1.1041206
       1919.4871       1.1246172
       1919.9871       1.1458648
       1920.4871       1.1678603
       1920.9871       1.1905913
       1921.4871       1.2140454
       1921.9871       1.2382043
       1922.4871       1.2630572
       1922.9871       1.2885944
       1923.4871       1.3147902
       1923.9871       1.3416253
       1924.4871       1.3690774
       1924.9871       1.3971295
       1925.4871       1.4257599
       1925.9871       1.4549407
       1926.4871       1.4846444
       1926.9871       1.5148382
       1927.4871       1.5455062
       1927.9871       1.5766126
       1928.4871       1.6081255
       1928.9871       1.6400170
       1929.4871       1.6722475
       1929.9871       1.7048017
       1930.4871       1.7376355
       1930.9871       1.7707118
       1931.4871       1.8039963
       1931.9871       1.8374504
       1932.4871       1.8710388
       1932.9871       1.9047386
       1933.4871       1.9385034
       1933.9871       1.9722924
       1934.4871       2.0060633
       1934.9871       2.0397804
       1935.4871       2.0734172
       1935.9871       2.1069316
       1936.4871       2.1402871
       1936.9871       2.1734410
       1937.4871       2.2063582
       1937.9871       2.2390060
       1938.4871       2.2713479
       1938.9871       2.3033496
       1939.4871       2.3349706
       1939.9871       2.3661871
       1940.4871       2.3969645
       1940.9871       2.4272666
       1941.4871       2.4570599
       1941.9871       2.4863126
       1942.4871       2.5150100
       1942.9871       2.5431198
       1943.4871       2.5705989
       1943.9871       2.5974279
       1944.4871       2.6235915
       1944.9871       2.6490790
       1945.4871       2.6738634
       1945.9871       2.6979299
       1946.4871       2.7212613
       1946.9871       2.7438396
       1947.4871       2.7656551
       1947.9871       2.7866936
       1948.4871       2.8069472
       1948.9871       2.8264078
       1949.4871       2.8450730
       1949.9871       2.8629400
       1950.4871       2.8800051
       1950.9871       2.8962688
       1951.4871       2.9117325
       1951.9871       2.9264030
       1952.4871       2.9402840
       1952.9871       2.9533804
       1953.4871       2.9657026
       1953.9871       2.9772577
       1954.4871       2.9880632
       1954.9871       2.9981307
       1955.4871       3.0074730
       1955.9871       3.0161064
       1956.4871       3.0240384
       1956.9871       3.0312779
       1957.4871       3.0378629
       1957.9871       3.0438160
       1958.4871       3.0491584
       1958.9871       3.0539143
       1959.4871       3.0581117
       1959.9871       3.0617736
       1960.4871       3.0649233
       1960.9871       3.0675863
       1961.4871       3.0697892
       1961.9871       3.0715574
       1962.4871       3.0729138
       1962.9871       3.0738786
       1963.4871       3.0744753
       1963.9871       3.0747286
       1964.4871       3.0746601
       1964.9871       3.0742932
       1965.4871       3.0736498
       1965.9871       3.0727537
       1966.4871       3.0716279
       1966.9871       3.0702938
       1967.4871       3.0687672
       1967.9871       3.0670660
       1968.4871       3.0652147
       1968.9871       3.0632266
       1969.4871       3.0611145
       1969.9871       3.0588931
       1970.4871       3.0565768
       1970.9871       3.0541758
       1971.4871       3.0516999
       1971.9871       3.0491572
       1972.4871       3.0465586
       1972.9871       3.0439063
       1973.4871       3.0412062
       1973.9871       3.0384630
       1974.4871       3.0356770
       1974.9871       3.0328492
       1975.4871       3.0299807
       1975.9871       3.0270678
       1976.4871       3.0241046
       1976.9871       3.0210868
       1977.4871       3.0180121
       1977.9871       3.0148725
       1978.4871       3.0116596
       1978.9871       3.0083649
       1979.4871       3.0049763
       1979.9871       3.0014876
       1980.4871       2.9978897
       1980.9871       2.9941686
       1981.4871       2.9903084
       1981.9871       2.9862980
       1982.4871       2.9821257
       1982.9871       2.9777755
       1983.4871       2.9732304
       1983.9871       2.9684754
       1984.4871       2.9635008
       1984.9871       2.9582914
       1985.4871       2.9528349
       1985.9871       2.9471167
       1986.4871       2.9411216
       1986.9871       2.9348391
       1987.4871       2.9282582
       1987.9871       2.9213651
       1988.4871       2.9141462
       1988.9871       2.9065917
       1989.4871       2.8986938
       1989.9871       2.8904430
       1990.4871       2.8818348
       1990.9871       2.8728652
       1991.4871       2.8635263
       1991.9871       2.8538129
       1992.4871       2.8437197
       1992.9871       2.8332453
       1993.4871       2.8223845
       1993.9871       2.8111379
       1994.4871       2.7995074
       1994.9871       2.7874957
       1995.4871       2.7751062
       1995.9871       2.7623366
       1996.4871       2.7491975
       1996.9871       2.7356867
       1997.4871       2.7218231
       1997.9871       2.7076213
       1998.4871       2.6930839
       1998.9871       2.6782268
       1999.4871       2.6630642
       1999.9871       2.6476156
       2000.4871       2.6318968
       2000.9871       2.6159186
       2001.4871       2.5997008
       2001.9871       2.5832611
       2002.4871       2.5666181
       2002.9871       2.5497942
       2003.4871       2.5328112
       2003.9871       2.5156931
       2004.4871       2.4984599
       2004.9871       2.4811349
       2005.4871       2.4637368
       2005.9871       2.4462899
       2006.4871       2.4288192
       2006.9871       2.4113439
       2007.4871       2.3938965
       2007.9871       2.3764982
       2008.4871       2.3591747
       2008.9871       2.3419524
       2009.4871       2.3248566
       2009.9871       2.3079165
       2010.4871       2.2911609
       2010.9871       2.2746133
       2011.4871       2.2583016
       2011.9871       2.2422483
       2012.4871       2.2264780
       2012.9871       2.2110095
       2013.4871       2.1958712
       2013.9871       2.1810891
       2014.4871       2.1666853
       2014.9871       2.1526826
       2015.4871       2.1391001
       2015.9871       2.1259591
       2016.4871       2.1132837
       2016.9871       2.1010967
       2017.4871       2.0894157
       2017.9871       2.0782540
       2018.4871       2.0676297
       2018.9871       2.0575618
       2019.4871       2.0480697
       2019.9871       2.0391716
       2020.4871       2.0308784
       2020.9871       2.0232023
       2021.4871       2.0161585
       2021.9871       2.0097584
       2022.4871       2.0040110
       2022.9871       1.9989286
       2023.4871       1.9945384
       2023.9871       1.9908517
       2024.4871       1.9878556
       2024.9871       1.9855576
       2025.4871       1.9839662
       2025.9871       1.9830871
       2026.4871       1.9829250
       2026.9871       1.9834834
       2027.4871       1.9847624
       2027.9871       1.9867619
       2028.4871       1.9894823
       2028.9871       1.9929252
       2029.4871       1.9970898
       2029.9871       2.0019721
       2030.4871       2.0075646
       2030.9871       2.0138610
       2031.4871       2.0208568
       2031.9871       2.0285419
       2032.4871       2.0369077
       2032.9871       2.0459450
       2033.4871       2.0556459
       2033.9871       2.0660002
       2034.4871       2.0769917
       2034.9871       2.0886117
       2035.4871       2.1008410
       2035.9871       2.1136653
       2036.4871       2.1270691
       2036.9871       2.1410444
       2037.4871       2.1555689
       2037.9871       2.1706188
       2038.4871       2.1861765
       2038.9871       2.2022190
       2039.4871       2.2187218
       2039.9871       2.2356659
       2040.4871       2.2530219
       2040.9871       2.2707651
       2041.4871       2.2888700
       2041.9871       2.3073127
       2042.4871       2.3260709
       2042.9871       2.3451139
       2043.4871       2.3644103
       2043.9871       2.3839289
       2044.4871       2.4036472
       2044.9871       2.4235375
       2045.4871       2.4435671
       2045.9871       2.4637059
       2046.4871       2.4839170
       2046.9871       2.5041743
       2047.4871       2.5244440
       2047.9871       2.5446915
       2048.4871       2.5648923
       2048.9871       2.5850131
       2049.4871       2.6050169
       2049.9871       2.6248757
       2050.4871       2.6445528
       2050.9871       2.6640172
       2051.4871       2.6832364
       2051.9871       2.7021805
       2052.4871       2.7208149
       2052.9871       2.7391066
       2053.4871       2.7570383
       2053.9871       2.7745714
       2054.4871       2.7916746
       2054.9871       2.8083209
       2055.4871       2.8244864
       2055.9871       2.8401430
       2056.4871       2.8552661
       2056.9871       2.8698300
       2057.4871       2.8838069
       2057.9871       2.8971803
       2058.4871       2.9099282
       2058.9871       2.9220235
       2059.4871       2.9334492
       2059.9871       2.9441866
       2060.4871       2.9542202
       2060.9871       2.9635314
       2061.4871       2.9721007
       2061.9871       2.9799141
       2062.4871       2.9869617
       2062.9871       2.9932397
       2063.4871       2.9987266
       2063.9871       3.0033976
       2064.4871       3.0072695
       2064.9871       3.0103367
       2065.4871       3.0125932
       2065.9871       3.0140393
       2066.4871       3.0146743
       2066.9871       3.0144973
       2067.4871       3.0135100
       2067.9871       3.0117105
       2068.4871       3.0091021
       2068.9871       3.0056944
       2069.4871       3.0014934
       2069.9871       2.9965064
       2070.4871       2.9907405
       2070.9871       2.9842053
       2071.4871       2.9769111
       2071.9871       2.9688703
       2072.4871       2.9600933
       2072.9871       2.9505915
       2073.4871       2.9403807
       2073.9871       2.9294778
       2074.4871       2.9178979
       2074.9871       2.9056560
       2075.4871       2.8927697
       2075.9871       2.8792531
       2076.4871       2.8651252
       2076.9871       2.8504036
       2077.4871       2.8350925
       2077.9871       2.8192259
       2078.4871       2.8028210
       2078.9871       2.7858976
       2079.4871       2.7684800
       2079.9871       2.7505863
       2080.4871       2.7322337
       2080.9871       2.7134410
       2081.4871       2.6942242
       2081.9871       2.6746085
       2082.4871       2.6546106
       2082.9871       2.6342403
       2083.4871       2.6135222
       2083.9871       2.5924732
       2084.4871       2.5711058
       2084.9871       2.5494363
       2085.4871       2.5274813
       2085.9871       2.5052593
       2086.4871       2.4827875
       2086.9871       2.4600884
       2087.4871       2.4371567
       2087.9871       2.4140115
       2088.4871       2.3906693
       2088.9871       2.3671398
       2089.4871       2.3434379
       2089.9871       2.3195778
       2090.4871       2.2955641
       2090.9871       2.2714133
       2091.4871       2.2471323
       2091.9871       2.2227389
       2092.4871       2.1982242
       2092.9871       2.1736063
       2093.4871       2.1488912
       2093.9871       2.1240860
       2094.4871       2.0991995
       2094.9871       2.0742353
       2095.4871       2.0491980
       2095.9871       2.0240961
       2096.4871       1.9989442
       2096.9871       1.9737428
       2097.4871       1.9484872
       2097.9871       1.9231861
       2098.4871       1.8978416
       2098.9871       1.8724599
       2099.4871       1.8470459
       2099.9871       1.8216022
       2100.4871       1.7961311
       2100.9871       1.7706379
       2101.4871       1.7451402
       2101.9871       1.7196214
       2102.4871       1.6940909
       2102.9871       1.6685564
       2103.4871       1.6430218
       2103.9871       1.6174917
       2104.4871       1.5919718
       2104.9871       1.5664680
       2105.4871       1.5409821
       2105.9871       1.5155210
       2106.4871       1.4900960
       2106.9871       1.4646956
       2107.4871       1.4393369
       2107.9871       1.4140259
       2108.4871       1.3887683
       2108.9871       1.3635728
       2109.4871       1.3384462
       2109.9871       1.3133975
       2110.4871       1.2884381
       2110.9871       1.2635829
       2111.4871       1.2388314
       2111.9871       1.2141870
       2112.4871       1.1896624
       2112.9871       1.1652682
       2113.4871       1.1410167
       2113.9871       1.1169192
       2114.4871       1.0929853
       2114.9871       1.0692240
       2115.4871       1.0456467
       2115.9871       1.0222755
       2116.4871      0.99910269
       2116.9871      0.97615182
       2117.4871      0.95343406
       2117.9871      0.93095833
       2118.4871      0.90873792
       2118.9871      0.88678333
       2119.4871      0.86510804
       2119.9871      0.84372479
       2120.4871      0.82264583
       2120.9871      0.80188497
       2121.4871      0.78145587
       2121.9871      0.76136086
       2122.4871      0.74161717
       2122.9871      0.72223475
       2123.4871      0.70322434
       2123.9871      0.68459750
       2124.4871      0.66636729
       2124.9871      0.64854627
       2125.4871      0.63114367
       2125.9871      0.61417561
       2126.4871      0.59764276
       2126.9871      0.58155442
       2127.4871      0.56592301
       2127.9871      0.55075557
       2128.4871      0.53606031
       2128.9871      0.52184693
       2129.4871      0.50812270
       2129.9871      0.49489486
       2130.4871      0.48218558
       2130.9871      0.46999690
       2131.4871      0.45831472
       2131.9871      0.44715345
       2132.4871      0.43651841
       2132.9871      0.42641100
       2133.4871      0.41683604
       2133.9871      0.40779646
       2134.4871      0.39929162
       2134.9871      0.39132525
       2135.4871      0.38390119
       2135.9871      0.37701734
       2136.4871      0.37067007
       2136.9871      0.36485986
       2137.4871      0.35958432
       2137.9871      0.35484133
       2138.4871      0.35062612
       2138.9871      0.34693404
       2139.4871      0.34376098
       2139.9871      0.34110220
       2140.4871      0.33895287
       2140.9871      0.33730812
       2141.4871      0.33616089
       2141.9871      0.33550272
       2142.4871      0.33533125
       2142.9871      0.33563833
       2143.4871      0.33641100
       2143.9871      0.33765425
       2144.4871      0.33934737
       2144.9871      0.34147768
       2145.4871      0.34402698
       2145.9871      0.34698325
       2146.4871      0.35033490
       2146.9871      0.35407000
       2147.4871      0.35817277
       2147.9871      0.36262830
       2148.4871      0.36742176
       2148.9871      0.37253562
       2149.4871      0.37795458
       2149.9871      0.38366278
       2150.4871      0.38964479
       2150.9871      0.39588535
       2151.4871      0.40236618
       2151.9871      0.40907107
       2152.4871      0.41598519
       2152.9871      0.42309087
       2153.4871      0.43037168
       2153.9871      0.43781186
       2154.4871      0.44539281
       2154.9871      0.45309241
       2155.4871      0.46090039
       2155.9871      0.46879827
       2156.4871      0.47676298
       2156.9871      0.48477400
       2157.4871      0.49281352
       2157.9871      0.50086397
       2158.4871      0.50890969
       2158.9871      0.51693272
       2159.4871      0.52491350
       2159.9871      0.53283358
       2160.4871      0.54068396
       2160.9871      0.54844737
       2161.4871      0.55610838
       2161.9871      0.56365145
       2162.4871      0.57106168
       2162.9871      0.57832483
       2163.4871      0.58542788
       2163.9871      0.59235966
       2164.4871      0.59911005
       2164.9871      0.60566427
       2165.4871      0.61201252
       2165.9871      0.61814616
       2166.4871      0.62405588
       2166.9871      0.62973353
       2167.4871      0.63517206
       2167.9871      0.64036343
       2168.4871      0.64529694
       2168.9871      0.64996866
       2169.4871      0.65437881
       2169.9871      0.65852468
       2170.4871      0.66240021
       2170.9871      0.66600147
       2171.4871      0.66933218
       2171.9871      0.67239204
       2172.4871      0.67518092
       2172.9871      0.67770274
       2173.4871      0.67996251
       2173.9871      0.68196115
       2174.4871      0.68370278
       2174.9871      0.68519126
       2175.4871      0.68643332
       2175.9871      0.68743816
       2176.4871      0.68821194
       2176.9871      0.68876064
       2177.4871      0.68909294
       2177.9871      0.68921712
       2178.4871      0.68914192
       2178.9871      0.68887917
       2179.4871      0.68843760
       2179.9871      0.68782634
       2180.4871      0.68705831
       2180.9871      0.68614785
       2181.4871      0.68510782
       2181.9871      0.68394995
       2182.4871      0.68268692
       2182.9871      0.68132858
       2183.4871      0.67988410
       2183.9871      0.67836790
       2184.4871      0.67679895
       2184.9871      0.67518639
       2185.4871      0.67354095
       2185.9871      0.67187367
       2186.4871      0.67019894
       2186.9871      0.66852923
       2187.4871      0.66687377
       2187.9871      0.66524428
       2188.4871      0.66365404
       2188.9871      0.66211378
       2189.4871      0.66063289
       2189.9871      0.65921969
       2190.4871      0.65788331
       2190.9871      0.65663131
       2191.4871      0.65547188
       2191.9871      0.65441361
       2192.4871      0.65346308
       2192.9871      0.65262525
       2193.4871      0.65190576
       2193.9871      0.65130964
       2194.4871      0.65084181
       2194.9871      0.65050561
       2195.4871      0.65030357
       2195.9871      0.65023957
       2196.4871      0.65031474
       2196.9871      0.65052992
       2197.4871      0.65088978
       2197.9871      0.65138917
       2198.4871      0.65202886
       2198.9871      0.65281083
       2199.4871      0.65373541
       2199.9871      0.65479821
       2200.4871      0.65599692
       2200.9871      0.65732731
       2201.4871      0.65878392
       2201.9871      0.66036481
       2202.4871      0.66206560
       2202.9871      0.66388301
       2203.4871      0.66581187
       2203.9871      0.66784565
       2204.4871      0.66998107
       2204.9871      0.67221311
       2205.4871      0.67453483
       2205.9871      0.67694226
       2206.4871      0.67943007
       2206.9871      0.68199200
       2207.4871      0.68462482
       2207.9871      0.68732311
       2208.4871      0.69008288
       2208.9871      0.69289877
       2209.4871      0.69576841
       2209.9871      0.69868836
       2210.4871      0.70165429
       2210.9871      0.70466325
       2211.4871      0.70771074
       2211.9871      0.71079663
       2212.4871      0.71391679
       2212.9871      0.71706857
       2213.4871      0.72025123
       2213.9871      0.72346447
       2214.4871      0.72671068
       2214.9871      0.72998764
       2215.4871      0.73329541
       2215.9871      0.73663833
       2216.4871      0.74001993
       2216.9871      0.74344236
       2217.4871      0.74690945
       2217.9871      0.75042499
       2218.4871      0.75399268
       2218.9871      0.75761861
       2219.4871      0.76130997
       2219.9871      0.76507346
       2220.4871      0.76891352
       2220.9871      0.77283617
       2221.4871      0.77684914
       2221.9871      0.78096087
       2222.4871      0.78518159
       2222.9871      0.78952163
       2223.4871      0.79398469
       2223.9871      0.79858760
       2224.4871      0.80333783
       2224.9871      0.80824339
       2225.4871      0.81331580
       2225.9871      0.81856388
       2226.4871      0.82399896
       2226.9871      0.82963202
       2227.4871      0.83547175
       2227.9871      0.84153071
       2228.4871      0.84781965
       2228.9871      0.85435014
       2229.4871      0.86112968
       2229.9871      0.86816967
       2230.4871      0.87547909
       2230.9871      0.88306765
       2231.4871      0.89094723
       2231.9871      0.89912734
       2232.4871      0.90761535
       2232.9871      0.91641666
       2233.4871      0.92554372
       2233.9871      0.93500460
       2234.4871      0.94480504
       2234.9871      0.95495064
       2235.4871      0.96544647
       2235.9871      0.97629854
       2236.4871      0.98751394
       2236.9871      0.99909848
       2237.4871       1.0110678
       2237.9871       1.0234064
       2238.4871       1.0361294
       2238.9871       1.0492338
       2239.4871       1.0627173
       2239.9871       1.0765796
       2240.4871       1.0908219
       2240.9871       1.1054457
       2241.4871       1.1204504
       2241.9871       1.1358343
       2242.4871       1.1515930
       2242.9871       1.1677256
       2243.4871       1.1842358
       2243.9871       1.2011164
       2244.4871       1.2183613
       2244.9871       1.2359644
       2245.4871       1.2539202
       2245.9871       1.2722209
       2246.4871       1.2908628
       2246.9871       1.3098417
       2247.4871       1.3291513
       2247.9871       1.3487745
       2248.4871       1.3687205
       2248.9871       1.3889771
       2249.4871       1.4095335
       2249.9871       1.4303820
       2250.4871       1.4515154
       2250.9871       1.4729286
       2251.4871       1.4946077
       2251.9871       1.5165430
       2252.4871       1.5387261
       2252.9871       1.5611380
       2253.4871       1.5837886
       2253.9871       1.6066614
       2254.4871       1.6297499
       2254.9871       1.6530442
       2255.4871       1.6765336
       2255.9871       1.7002095
       2256.4871       1.7240647
       2256.9871       1.7480931
       2257.4871       1.7722825
       2257.9871       1.7966318
       2258.4871       1.8211349
       2258.9871       1.8457794
       2259.4871       1.8705602
       2259.9871       1.8954697
       2260.4871       1.9205034
       2260.9871       1.9456568
       2261.4871       1.9709250
       2261.9871       1.9963020
       2262.4871       2.0217714
       2262.9871       2.0473497
       2263.4871       2.0730229
       2263.9871       2.0987891
       2264.4871       2.1246417
       2264.9871       2.1505797
       2265.4871       2.1765970
       2265.9871       2.2026906
       2266.4871       2.2288602
       2266.9871       2.2551022
       2267.4871       2.2814129
       2267.9871       2.3078040
       2268.4871       2.3342638
       2268.9871       2.3607935
       2269.4871       2.3873895
       2269.9871       2.4140515
       2270.4871       2.4407811
       2270.9871       2.4675774
       2271.4871       2.4944405
       2271.9871       2.5213600
       2272.4871       2.5483482
       2272.9871       2.5754079
       2273.4871       2.6025323
       2273.9871       2.6297250
       2274.4871       2.6569885
       2274.9871       2.6843212
       2275.4871       2.7117228
       2275.9871       2.7391931
       2276.4871       2.7667303
       2276.9871       2.7943238
       2277.4871       2.8220012
       2277.9871       2.8497449
       2278.4871       2.8775564
       2278.9871       2.9054347
       2279.4871       2.9333764
       2279.9871       2.9613851
       2280.4871       2.9894581
       2280.9871       3.0175935
       2281.4871       3.0457853
       2281.9871       3.0740330
       2282.4871       3.1023447
       2282.9871       3.1307086
       2283.4871       3.1591247
       2283.9871       3.1875887
       2284.4871       3.2160939
       2284.9871       3.2446343
       2285.4871       3.2732088
       2285.9871       3.3018163
       2286.4871       3.3304519
       2286.9871       3.3590937
       2287.4871       3.3877534
       2287.9871       3.4164224
       2288.4871       3.4450914
       2288.9871       3.4737558
       2289.4871       3.5024065
       2289.9871       3.5310334
       2290.4871       3.5596293
       2290.9871       3.5881852
       2291.4871       3.6166877
       2291.9871       3.6451174
       2292.4871       3.6734910
       2292.9871       3.7017858
       2293.4871       3.7299885
       2293.9871       3.7580911
       2294.4871       3.7860872
       2294.9871       3.8139647
       2295.4871       3.8417114
       2295.9871       3.8693162
       2296.4871       3.8967627
       2296.9871       3.9240425
       2297.4871       3.9511507
       2297.9871       3.9780712
       2298.4871       4.0047926
       2298.9871       4.0313019
       2299.4871       4.0575860
       2299.9871       4.0836324
       2300.4871       4.1094259
       2300.9871       4.1349551
       2301.4871       4.1601965
       2301.9871       4.1851561
       2302.4871       4.2098192
       2302.9871       4.2341703
       2303.4871       4.2582008
       2303.9871       4.2818929
       2304.4871       4.3052309
       2304.9871       4.3282102
       2305.4871       4.3508195
       2305.9871       4.3730477
       2306.4871       4.3948748
       2306.9871       4.4163096
       2307.4871       4.4373310
       2307.9871       4.4579311
       2308.4871       4.4780978
       2308.9871       4.4978213
       2309.4871       4.5170947
       2309.9871       4.5359090
       2310.4871       4.5542566
       2310.9871       4.5721238
       2311.4871       4.5895109
       2311.9871       4.6064130
       2312.4871       4.6228179
       2312.9871       4.6387205
       2313.4871       4.6541141
       2313.9871       4.6689943
       2314.4871       4.6833566
       2314.9871       4.6971972
       2315.4871       4.7105083
       2315.9871       4.7232884
       2316.4871       4.7355387
       2316.9871       4.7472551
       2317.4871       4.7584206
       2317.9871       4.7690433
       2318.4871       4.7791243
       2318.9871       4.7886646
       2319.4871       4.7976652
       2319.9871       4.8061261
       2320.4871       4.8140468
       2320.9871       4.8214261
       2321.4871       4.8282696
       2321.9871       4.8345793
       2322.4871       4.8403593
       2322.9871       4.8456129
       2323.4871       4.8503432
       2323.9871       4.8545551
       2324.4871       4.8582516
       2324.9871       4.8614359
       2325.4871       4.8641161
       2325.9871       4.8663026
       2326.4871       4.8679995
       2326.9871       4.8692139
       2327.4871       4.8699569
       2327.9871       4.8702321
       2328.4871       4.8700446
       2328.9871       4.8694111
       2329.4871       4.8683383
       2329.9871       4.8668368
       2330.4871       4.8649171
       2330.9871       4.8625706
       2331.4871       4.8598213
       2331.9871       4.8566872
       2332.4871       4.8531785
       2332.9871       4.8492995
       2333.4871       4.8450680
       2333.9871       4.8404942
       2334.4871       4.8355947
       2334.9871       4.8303811
       2335.4871       4.8248643
       2335.9871       4.8190596
       2336.4871       4.8129810
       2336.9871       4.8066431
       2337.4871       4.8000575
       2337.9871       4.7932395
       2338.4871       4.7862027
       2338.9871       4.7789624
       2339.4871       4.7715339
       2339.9871       4.7639315
       2340.4871       4.7561706
       2340.9871       4.7482587
       2341.4871       4.7402134
       2341.9871       4.7320523
       2342.4871       4.7237883
       2342.9871       4.7154363
       2343.4871       4.7070079
       2343.9871       4.6985215
       2344.4871       4.6899887
       2344.9871       4.6814251
       2345.4871       4.6728471
       2345.9871       4.6642630
       2346.4871       4.6556884
       2346.9871       4.6471346
       2347.4871       4.6386160
       2347.9871       4.6301418
       2348.4871       4.6217238
       2348.9871       4.6133764
       2349.4871       4.6051103
       2349.9871       4.5969390
       2350.4871       4.5888734
       2350.9871       4.5809220
       2351.4871       4.5730959
       2351.9871       4.5654024
       2352.4871       4.5578512
       2352.9871       4.5504503
       2353.4871       4.5432076
       2353.9871       4.5361301
       2354.4871       4.5292288
       2354.9871       4.5225101
       2355.4871       4.5159749
       2355.9871       4.5096297
       2356.4871       4.5034756
       2356.9871       4.4975180
       2357.4871       4.4917661
       2357.9871       4.4862209
       2358.4871       4.4808825
       2358.9871       4.4757483
       2359.4871       4.4708241
       2359.9871       4.4661097
       2360.4871       4.4616012
       2360.9871       4.4572996
       2361.4871       4.4532048
       2361.9871       4.4493145
       2362.4871       4.4456271
       2362.9871       4.4421373
       2363.4871       4.4388408
       2363.9871       4.4357365
       2364.4871       4.4328171
       2364.9871       4.4300771
       2365.4871       4.4275079
       2365.9871       4.4251048
       2366.4871       4.4228622
       2366.9871       4.4207721
       2367.4871       4.4188259
       2367.9871       4.4170150
       2368.4871       4.4153244
       2368.9871       4.4137487
       2369.4871       4.4122822
       2369.9871       4.4109131
       2370.4871       4.4096322
       2370.9871       4.4084322
       2371.4871       4.4072987
       2371.9871       4.4062160
       2372.4871       4.4051782
       2372.9871       4.4041720
       2373.4871       4.4031846
       2373.9871       4.4022069
       2374.4871       4.4012274
       2374.9871       4.4002316
       2375.4871       4.3992025
       2375.9871       4.3981302
       2376.4871       4.3970066
       2376.9871       4.3958158
       2377.4871       4.3945473
       2377.9871       4.3931943
       2378.4871       4.3917417
       2378.9871       4.3901769
       2379.4871       4.3884945
       2379.9871       4.3866801
       2380.4871       4.3847201
       2380.9871       4.3826052
       2381.4871       4.3803262
       2381.9871       4.3778734
       2382.4871       4.3752405
       2382.9871       4.3724196
       2383.4871       4.3693998
       2383.9871       4.3661770
       2384.4871       4.3627366
       2384.9871       4.3590739
       2385.4871       4.3551829
       2385.9871       4.3510600
       2386.4871       4.3467014
       2386.9871       4.3421043
       2387.4871       4.3372649
       2387.9871       4.3321813
       2388.4871       4.3268529
       2388.9871       4.3212793
       2389.4871       4.3154620
       2389.9871       4.3093978
       2390.4871       4.3030886
       2390.9871       4.2965361
       2391.4871       4.2897422
       2391.9871       4.2827114
       2392.4871       4.2754502
       2392.9871       4.2679649
       2393.4871       4.2602613
       2393.9871       4.2523473
       2394.4871       4.2442271
       2394.9871       4.2359155
       2395.4871       4.2274181
       2395.9871       4.2187434
       2396.4871       4.2099013
       2396.9871       4.2009053
       2397.4871       4.1917657
       2397.9871       4.1824930
       2398.4871       4.1731069
       2398.9871       4.1636242
       2399.4871       4.1540500
       2399.9871       4.1444045
       2400.4871       4.1347025
       2400.9871       4.1249610
       2401.4871       4.1151947
       2401.9871       4.1054266
       2402.4871       4.0956741
       2402.9871       4.0859513
       2403.4871       4.0762799
       2403.9871       4.0666784
       2404.4871       4.0571610
       2404.9871       4.0477491
       2405.4871       4.0384624
       2405.9871       4.0293172
       2406.4871       4.0203339
       2406.9871       4.0115355
       2407.4871       4.0029432
       2407.9871       3.9945743
       2408.4871       3.9864504
       2408.9871       3.9785848
       2409.4871       3.9709959
       2409.9871       3.9637055
       2410.4871       3.9567358
       2410.9871       3.9501091
       2411.4871       3.9438413
       2411.9871       3.9379471
       2412.4871       3.9324446
       2412.9871       3.9273458
       2413.4871       3.9226691
       2413.9871       3.9184320
       2414.4871       3.9146467
       2414.9871       3.9113301
       2415.4871       3.9084950
       2415.9871       3.9061528
       2416.4871       3.9043159
       2416.9871       3.9029974
       2417.4871       3.9022098
       2417.9871       3.9019608
       2418.4871       3.9022611
       2418.9871       3.9031195
       2419.4871       3.9045440
       2419.9871       3.9065431
       2420.4871       3.9091230
       2420.9871       3.9122896
       2421.4871       3.9160483
       2421.9871       3.9204013
       2422.4871       3.9253532
       2422.9871       3.9309038
       2423.4871       3.9370533
       2423.9871       3.9438067
       2424.4871       3.9511899
       2424.9871       3.9591798
       2425.4871       3.9677750
       2425.9871       3.9769689
       2426.4871       3.9867613
       2426.9871       3.9971490
       2427.4871       4.0081265
       2427.9871       4.0196897
       2428.4871       4.0318312
       2428.9871       4.0445503
       2429.4871       4.0578400
       2429.9871       4.0716937
       2430.4871       4.0861018
       2430.9871       4.1010538
       2431.4871       4.1165418
       2431.9871       4.1325576
       2432.4871       4.1490917
       2432.9871       4.1661264
       2433.4871       4.1836608
       2433.9871       4.2016861
       2434.4871       4.2201863
       2434.9871       4.2391477
       2435.4871       4.2585613
       2435.9871       4.2784164
       2436.4871       4.2986988
       2436.9871       4.3193941
       2437.4871       4.3404911
       2437.9871       4.3619764
       2438.4871       4.3838413
       2438.9871       4.4060638
       2439.4871       4.4286331
       2439.9871       4.4515370
       2440.4871       4.4747611
       2440.9871       4.4982939
       2441.4871       4.5221215
       2441.9871       4.5462287
       2442.4871       4.5705961
       2442.9871       4.5952125
       2443.4871       4.6200745
       2443.9871       4.6451589
       2444.4871       4.6704518
       2444.9871       4.6959406
       2445.4871       4.7216133
       2445.9871       4.7474554
       2446.4871       4.7734524
       2446.9871       4.7995909
       2447.4871       4.8258475
       2447.9871       4.8522265
       2448.4871       4.8787130
       2448.9871       4.9052894
       2449.4871       4.9319474
       2449.9871       4.9586708
       2450.4871       4.9854476
       2450.9871       5.0122635
       2451.4871       5.0391074
       2451.9871       5.0659641
       2452.4871       5.0928139
       2452.9871       5.1196675
       2453.4871       5.1465008
       2453.9871       5.1733027
       2454.4871       5.2000635
       2454.9871       5.2267699
       2455.4871       5.2534135
       2455.9871       5.2799856
       2456.4871       5.3064716
       2456.9871       5.3328629
       2457.4871       5.3591446
       2457.9871       5.3853141
       2458.4871       5.4113676
       2458.9871       5.4372902
       2459.4871       5.4630714
       2459.9871       5.4887023
       2460.4871       5.5141737
       2460.9871       5.5394798
       2461.4871       5.5646122
       2461.9871       5.5895605
       2462.4871       5.6143071
       2462.9871       5.6388642
       2463.4871       5.6632146
       2463.9871       5.6873511
       2464.4871       5.7112579
       2464.9871       5.7349338
       2465.4871       5.7583741
       2465.9871       5.7815706
       2466.4871       5.8045173
       2466.9871       5.8272057
       2467.4871       5.8496250
       2467.9871       5.8717872
       2468.4871       5.8936748
       2468.9871       5.9152852
       2469.4871       5.9366145
       2469.9871       5.9576552
       2470.4871       5.9784035
       2470.9871       5.9988546
       2471.4871       6.0190017
       2471.9871       6.0388345
       2472.4871       6.0583586
       2472.9871       6.0775703
       2473.4871       6.0964634
       2473.9871       6.1150329
       2474.4871       6.1332744
       2474.9871       6.1511839
       2475.4871       6.1687573
       2475.9871       6.1859970
       2476.4871       6.2028955
       2476.9871       6.2194474
       2477.4871       6.2356601
       2477.9871       6.2515133
       2478.4871       6.2670180
       2478.9871       6.2821720
       2479.4871       6.2969719
       2479.9871       6.3114182
       2480.4871       6.3255132
       2480.9871       6.3392533
       2481.4871       6.3526346
       2481.9871       6.3656602
       2482.4871       6.3783328
       2482.9871       6.3906460
       2483.4871       6.4025975
       2483.9871       6.4141886
       2484.4871       6.4254196
       2484.9871       6.4362916
       2485.4871       6.4468050
       2485.9871       6.4569591
       2486.4871       6.4667528
       2486.9871       6.4761904
       2487.4871       6.4852729
       2487.9871       6.4940007
       2488.4871       6.5023795
       2488.9871       6.5104088
       2489.4871       6.5180909
       2489.9871       6.5254283
       2490.4871       6.5324208
       2490.9871       6.5390648
       2491.4871       6.5453635
       2491.9871       6.5513322
       2492.4871       6.5569664
       2492.9871       6.5622745
       2493.4871       6.5672598
       2493.9871       6.5719235
       2494.4871       6.5762714
       2494.9871       6.5803075
       2495.4871       6.5840358
       2495.9871       6.5874615
       2496.4871       6.5905871
       2496.9871       6.5934190
       2497.4871       6.5959624
       2497.9871       6.5982234
       2498.4871       6.6002093
       2498.9871       6.6019244
       2499.4871       6.6033669
       2499.9871       6.6045472
       2500.4871       6.6054712
       2500.9871       6.6061453
       2501.4871       6.6065769
       2501.9871       6.6067716
       2502.4871       6.6067354
       2502.9871       6.6064709
       2503.4871       6.6059810
       2503.9871       6.6052737
       2504.4871       6.6043501
       2504.9871       6.6032184
       2505.4871       6.6018872
       2505.9871       6.6003611
       2506.4871       6.5986463
       2506.9871       6.5967451
       2507.4871       6.5946658
       2507.9871       6.5924103
       2508.4871       6.5899823
       2508.9871       6.5873850
       2509.4871       6.5846263
       2509.9871       6.5817078
       2510.4871       6.5786327
       2510.9871       6.5754071
       2511.4871       6.5720299
       2511.9871       6.5685061
       2512.4871       6.5648404
       2512.9871       6.5610333
       2513.4871       6.5570867
       2513.9871       6.5530020
       2514.4871       6.5487780
       2514.9871       6.5444183
       2515.4871       6.5399219
       2515.9871       6.5352922
       2516.4871       6.5305295
       2516.9871       6.5256323
       2517.4871       6.5206048
       2517.9871       6.5154415
       2518.4871       6.5101401
       2518.9871       6.5047045
       2519.4871       6.4991311
       2519.9871       6.4934160
       2520.4871       6.4875574
       2520.9871       6.4815593
       2521.4871       6.4754152
       2521.9871       6.4691250
       2522.4871       6.4626855
       2522.9871       6.4560938
       2523.4871       6.4493472
       2523.9871       6.4424481
       2524.4871       6.4353950
       2524.9871       6.4281826
       2525.4871       6.4208082
       2525.9871       6.4132642
       2526.4871       6.4055479
       2526.9871       6.3976565
       2527.4871       6.3895884
       2527.9871       6.3813448
       2528.4871       6.3729235
       2528.9871       6.3643238
       2529.4871       6.3555414
       2529.9871       6.3465778
       2530.4871       6.3374348
       2530.9871       6.3281001
       2531.4871       6.3185692
       2531.9871       6.3088497
       2532.4871       6.2989404
       2532.9871       6.2888415
       2533.4871       6.2785568
       2533.9871       6.2680865
       2534.4871       6.2574281
       2534.9871       6.2465827
       2535.4871       6.2355528
       2535.9871       6.2243315
       2536.4871       6.2129252
       2536.9871       6.2013402
       2537.4871       6.1895778
       2537.9871       6.1776403
       2538.4871       6.1655309
       2538.9871       6.1532518
       2539.4871       6.1408071
       2539.9871       6.1282019
       2540.4871       6.1154471
       2540.9871       6.1025411
       2541.4871       6.0894844
       2541.9871       6.0762875
       2542.4871       6.0629600
       2542.9871       6.0495050
       2543.4871       6.0359283
       2543.9871       6.0222329
       2544.4871       6.0084289
       2544.9871       5.9945270
       2545.4871       5.9805445
       2545.9871       5.9664705
       2546.4871       5.9523190
       2546.9871       5.9380969
       2547.4871       5.9238122
       2547.9871       5.9094733
       2548.4871       5.8950909
       2548.9871       5.8806744
       2549.4871       5.8662333
       2549.9871       5.8517753
       2550.4871       5.8373077
       2550.9871       5.8228322
       2551.4871       5.8083588
       2551.9871       5.7938969
       2552.4871       5.7794564
       2552.9871       5.7650470
       2553.4871       5.7506758
       2553.9871       5.7363515
       2554.4871       5.7220808
       2554.9871       5.7078783
       2555.4871       5.6937366
       2555.9871       5.6796641
       2556.4871       5.6656748
       2556.9871       5.6517733
       2557.4871       5.6379709
       2557.9871       5.6242721
       2558.4871       5.6106895
       2558.9871       5.5972227
       2559.4871       5.5838786
       2559.9871       5.5706687
       2560.4871       5.5575851
       2560.9871       5.5446419
       2561.4871       5.5318477
       2561.9871       5.5192045
       2562.4871       5.5067148
       2562.9871       5.4943858
       2563.4871       5.4822220
       2563.9871       5.4702301
       2564.4871       5.4584146
       2564.9871       5.4467771
       2565.4871       5.4353180
       2565.9871       5.4240455
       2566.4871       5.4129648
       2566.9871       5.4020755
       2567.4871       5.3913836
       2567.9871       5.3808925
       2568.4871       5.3706043
       2568.9871       5.3605191
       2569.4871       5.3506447
       2569.9871       5.3409744
       2570.4871       5.3315116
       2570.9871       5.3222665
       2571.4871       5.3132463
       2571.9871       5.3044415
       2572.4871       5.2958597
       2572.9871       5.2874968
       2573.4871       5.2793568
       2573.9871       5.2714417
       2574.4871       5.2637524
       2574.9871       5.2562886
       2575.4871       5.2490541
       2575.9871       5.2420488
       2576.4871       5.2352734
       2576.9871       5.2287283
       2577.4871       5.2224128
       2577.9871       5.2163280
       2578.4871       5.2104719
       2578.9871       5.2048447
       2579.4871       5.1994483
       2579.9871       5.1942830
       2580.4871       5.1893484
       2580.9871       5.1846427
       2581.4871       5.1801666
       2581.9871       5.1759179
       2582.4871       5.1718953
       2582.9871       5.1680992
       2583.4871       5.1645297
       2583.9871       5.1611778
       2584.4871       5.1580483
       2584.9871       5.1551386
       2585.4871       5.1524370
       2585.9871       5.1499421
       2586.4871       5.1476470
       2586.9871       5.1455482
       2587.4871       5.1436447
       2587.9871       5.1419303
       2588.4871       5.1403968
       2588.9871       5.1390403
       2589.4871       5.1378527
       2589.9871       5.1368222
       2590.4871       5.1359428
       2590.9871       5.1352070
       2591.4871       5.1346074
       2591.9871       5.1341320
       2592.4871       5.1337743
       2592.9871       5.1335235
       2593.4871       5.1333675
       2593.9871       5.1332920
       2594.4871       5.1332863
       2594.9871       5.1333379
       2595.4871       5.1334365
       2595.9871       5.1335626
       2596.4871       5.1337062
       2596.9871       5.1338517
       2597.4871       5.1339848
       2597.9871       5.1340804
       2598.4871       5.1341272
       2598.9871       5.1341062
       2599.4871       5.1340034
       2599.9871       5.1338024
       2600.4871       5.1334808
       2600.9871       5.1330203
       2601.4871       5.1324001
       2601.9871       5.1316020
       2602.4871       5.1306063
       2602.9871       5.1293938
       2603.4871       5.1279464
       2603.9871       5.1262445
       2604.4871       5.1242635
       2604.9871       5.1219806
       2605.4871       5.1193766
       2605.9871       5.1164333
       2606.4871       5.1131287
       2606.9871       5.1094421
       2607.4871       5.1053536
       2607.9871       5.1008411
       2608.4871       5.0958873
       2608.9871       5.0904722
       2609.4871       5.0845758
       2609.9871       5.0781769
       2610.4871       5.0712593
       2610.9871       5.0638062
       2611.4871       5.0557782
       2611.9871       5.0471817
       2612.4871       5.0380007
       2612.9871       5.0282207
       2613.4871       5.0178347
       2613.9871       5.0068139
       2614.4871       4.9951538
       2614.9871       4.9828469
       2615.4871       4.9698811
       2615.9871       4.9562497
       2616.4871       4.9419427
       2616.9871       4.9269496
       2617.4871       4.9112657
       2617.9871       4.8948944
       2618.4871       4.8778284
       2618.9871       4.8600601
       2619.4871       4.8415904
       2619.9871       4.8224207
       2620.4871       4.8025530
       2620.9871       4.7819913
       2621.4871       4.7607405
       2621.9871       4.7388092
       2622.4871       4.7162047
       2622.9871       4.6929347
       2623.4871       4.6690207
       2623.9871       4.6444516
       2624.4871       4.6192464
       2624.9871       4.5934144
       2625.4871       4.5669815
       2625.9871       4.5399671
       2626.4871       4.5123944
       2626.9871       4.4842817
       2627.4871       4.4556482
       2627.9871       4.4265208
       2628.4871       4.3969242
       2628.9871       4.3668653
       2629.4871       4.3363811
       2629.9871       4.3055004
       2630.4871       4.2742475
       2630.9871       4.2426515
       2631.4871       4.2107448
       2631.9871       4.1785583
       2632.4871       4.1461220
       2632.9871       4.1134780
       2633.4871       4.0806413
       2633.9871       4.0476421
       2634.4871       4.0145227
       2634.9871       3.9813165
       2635.4871       3.9480596
       2635.9871       3.9147842
       2636.4871       3.8815231
       2636.9871       3.8483089
       2637.4871       3.8151741
       2637.9871       3.7821767
       2638.4871       3.7493208
       2638.9871       3.7166555
       2639.4871       3.6842106
       2639.9871       3.6520223
       2640.4871       3.6201224
       2640.9871       3.5885468
       2641.4871       3.5573272
       2641.9871       3.5264944
       2642.4871       3.4960846
       2642.9871       3.4661277
       2643.4871       3.4366414
       2643.9871       3.4076614
       2644.4871       3.3792166
       2644.9871       3.3513365
       2645.4871       3.3240469
       2645.9871       3.2973737
       2646.4871       3.2713403
       2646.9871       3.2459672
       2647.4871       3.2212867
       2647.9871       3.1973128
       2648.4871       3.1740681
       2648.9871       3.1515732
       2649.4871       3.1298453
       2649.9871       3.1088981
       2650.4871       3.0887505
       2650.9871       3.0694179
       2651.4871       3.0509415
       2651.9871       3.0333125
       2652.4871       3.0165443
       2652.9871       3.0006356
       2653.4871       2.9856009
       2653.9871       2.9714461
       2654.4871       2.9581811
       2654.9871       2.9458110
       2655.4871       2.9343383
       2655.9871       2.9237677
       2656.4871       2.9141036
       2656.9871       2.9053496
       2657.4871       2.8975041
       2657.9871       2.8905629
       2658.4871       2.8845263
       2658.9871       2.8793916
       2659.4871       2.8751558
       2659.9871       2.8718150
       2660.4871       2.8693631
       2660.9871       2.8677929
       2661.4871       2.8670982
       2661.9871       2.8672722
       2662.4871       2.8683094
       2662.9871       2.8701996
       2663.4871       2.8729383
       2663.9871       2.8765128
       2664.4871       2.8809135
       2664.9871       2.8861486
       2665.4871       2.8921834
       2665.9871       2.8990010
       2666.4871       2.9065929
       2666.9871       2.9149462
       2667.4871       2.9240454
       2667.9871       2.9338810
       2668.4871       2.9444357
       2668.9871       2.9556971
       2669.4871       2.9676516
       2669.9871       2.9802823
       2670.4871       2.9935735
       2670.9871       3.0075104
       2671.4871       3.0220779
       2671.9871       3.0372578
       2672.4871       3.0530391
       2672.9871       3.0694108
       2673.4871       3.0863536
       2673.9871       3.1038521
       2674.4871       3.1218913
       2674.9871       3.1404568
       2675.4871       3.1595329
       2675.9871       3.1791098
       2676.4871       3.1991708
       2676.9871       3.2196849
       2677.4871       3.2406583
       2677.9871       3.2620760
       2678.4871       3.2839248
       2678.9871       3.3061833
       2679.4871       3.3288400
       2679.9871       3.3518795
       2680.4871       3.3752898
       2680.9871       3.3990575
       2681.4871       3.4231638
       2681.9871       3.4475976
       2682.4871       3.4723613
       2682.9871       3.4974336
       2683.4871       3.5228020
       2683.9871       3.5484570
       2684.4871       3.5743870
       2684.9871       3.6005804
       2685.4871       3.6270258
       2685.9871       3.6537120
       2686.4871       3.6806207
       2686.9871       3.7077550
       2687.4871       3.7351048
       2687.9871       3.7626583
       2688.4871       3.7904027
       2688.9871       3.8183290
       2689.4871       3.8464262
       2689.9871       3.8746848
       2690.4871       3.9030998
       2690.9871       3.9316570
       2691.4871       3.9603368
       2691.9871       3.9891570
       2692.4871       4.0180926
       2692.9871       4.0471342
       2693.4871       4.0762719
       2693.9871       4.1054957
       2694.4871       4.1347988
       2694.9871       4.1641701
       2695.4871       4.1936014
       2695.9871       4.2230805
       2696.4871       4.2525962
       2696.9871       4.2821528
       2697.4871       4.3117304
       2697.9871       4.3413179
       2698.4871       4.3709071
       2698.9871       4.4004880
       2699.4871       4.4300512
       2699.9871       4.4595876
       2700.4871       4.4890873
       2700.9871       4.5185277
       2701.4871       4.5479140
       2701.9871       4.5772323
       2702.4871       4.6064684
       2702.9871       4.6356112
       2703.4871       4.6646463
       2703.9871       4.6935666
       2704.4871       4.7223551
       2704.9871       4.7509998
       2705.4871       4.7794914
       2705.9871       4.8078100
       2706.4871       4.8359379
       2706.9871       4.8638818
       2707.4871       4.8916171
       2707.9871       4.9191281
       2708.4871       4.9464032
       2708.9871       4.9734272
       2709.4871       5.0001853
       2709.9871       5.0266622
       2710.4871       5.0528433
       2710.9871       5.0787100
       2711.4871       5.1042533
       2711.9871       5.1294617
       2712.4871       5.1543123
       2712.9871       5.1787901
       2713.4871       5.2028803
       2713.9871       5.2265676
       2714.4871       5.2498331
       2714.9871       5.2726622
       2715.4871       5.2950385
       2715.9871       5.3169340
       2716.4871       5.3383507
       2716.9871       5.3592647
       2717.4871       5.3796551
       2717.9871       5.3994985
       2718.4871       5.4187725
       2718.9871       5.4374714
       2719.4871       5.4555773
       2719.9871       5.4730712
       2720.4871       5.4899287
       2720.9871       5.5061311
       2721.4871       5.5216717
       2721.9871       5.5365247
       2722.4871       5.5506705
       2722.9871       5.5640933
       2723.4871       5.5767730
       2723.9871       5.5886903
       2724.4871       5.5998263
       2724.9871       5.6101620
       2725.4871       5.6196758
       2725.9871       5.6283534
       2726.4871       5.6361733
       2726.9871       5.6431162
       2727.4871       5.6491644
       2727.9871       5.6542986
       2728.4871       5.6584966
       2728.9871       5.6617425
       2729.4871       5.6640184
       2729.9871       5.6653022
       2730.4871       5.6655801
       2730.9871       5.6648311
       2731.4871       5.6630132
       2731.9871       5.6601178
       2732.4871       5.6561397
       2732.9871       5.6510652
       2733.4871       5.6448777
       2733.9871       5.6375629
       2734.4871       5.6291051
       2734.9871       5.6194932
       2735.4871       5.6087116
       2735.9871       5.5967395
       2736.4871       5.5835689
       2736.9871       5.5691872
       2737.4871       5.5535815
       2737.9871       5.5367411
       2738.4871       5.5186586
       2738.9871       5.4993269
       2739.4871       5.4787384
       2739.9871       5.4568920
       2740.4871       5.4337715
       2740.9871       5.4093720
       2741.4871       5.3836930
       2741.9871       5.3567317
       2742.4871       5.3284881
       2742.9871       5.2989651
       2743.4871       5.2681606
       2743.9871       5.2360809
       2744.4871       5.2027288
       2744.9871       5.1680886
       2745.4871       5.1321697
       2745.9871       5.0950026
       2746.4871       5.0565948
       2746.9871       5.0169620
       2747.4871       4.9761157
       2747.9871       4.9340730
       2748.4871       4.8908502
       2748.9871       4.8464634
       2749.4871       4.8009338
       2749.9871       4.7542900
       2750.4871       4.7065506
       2750.9871       4.6577236
       2751.4871       4.6078502
       2751.9871       4.5569566
       2752.4871       4.5050661
       2752.9871       4.4522092
       2753.4871       4.3984244
       2753.9871       4.3437449
       2754.4871       4.2882014
       2754.9871       4.2318524
       2755.4871       4.1746977
       2755.9871       4.1167842
       2756.4871       4.0581552
       2756.9871       3.9988487
       2757.4871       3.9389119
       2757.9871       3.8783808
       2758.4871       3.8172913
       2758.9871       3.7557062
       2759.4871       3.6936743
       2759.9871       3.6312617
       2760.4871       3.5684602
       2760.9871       3.5053458
       2761.4871       3.4419644
       2761.9871       3.3783639
       2762.4871       3.3145961
       2762.9871       3.2507095
       2763.4871       3.1867519
       2763.9871       3.1227713
       2764.4871       3.0588333
       2764.9871       2.9949711
       2765.4871       2.9312171
       2765.9871       2.8676359
       2766.4871       2.8042779
       2766.9871       2.7411913
       2767.4871       2.6784231
       2767.9871       2.6160200
       2768.4871       2.5540300
       2768.9871       2.4925009
       2769.4871       2.4315056
       2769.9871       2.3710378
       2770.4871       2.3111606
       2770.9871       2.2519185
       2771.4871       2.1933681
       2771.9871       2.1355533
       2772.4871       2.0785060
       2772.9871       2.0222650
       2773.4871       1.9668667
       2773.9871       1.9123537
       2774.4871       1.8587770
       2774.9871       1.8061352
       2775.4871       1.7544826
       2775.9871       1.7038522
       2776.4871       1.6542780
       2776.9871       1.6057894
       2777.4871       1.5584181
       2777.9871       1.5121941
       2778.4871       1.4671447
       2778.9871       1.4233093
       2779.4871       1.3806997
       2779.9871       1.3393358
       2780.4871       1.2992477
       2780.9871       1.2604606
       2781.4871       1.2229966
       2781.9871       1.1868782
       2782.4871       1.1521254
       2782.9871       1.1187570
       2783.4871       1.0867920
       2783.9871       1.0562607
       2784.4871       1.0271511
       2784.9871      0.99953194
       2785.4871      0.97339156
       2785.9871      0.94873390
       2786.4871      0.92557394
       2786.9871      0.90392186
       2787.4871      0.88378905
       2787.9871      0.86518716
       2788.4871      0.84812811
       2788.9871      0.83262348
       2789.4871      0.81868137
       2789.9871      0.80630514
       2790.4871      0.79550640
       2790.9871      0.78629162
       2791.4871      0.77866946
       2791.9871      0.77264725
       2792.4871      0.76822976
       2792.9871      0.76542272
       2793.4871      0.76423021
       2793.9871      0.76465500
       2794.4871      0.76670152
       2794.9871      0.77037463
       2795.4871      0.77567718
       2795.9871      0.78261135
       2796.4871      0.79117764
       2796.9871      0.80137475
       2797.4871      0.81320194
       2797.9871      0.82666354
       2798.4871      0.84180688
       2798.9871      0.85856862
       2799.4871      0.87696359
       2799.9871      0.89697861
       2800.4871      0.91860958
       2800.9871      0.94185359
       2801.4871      0.96670239
       2801.9871      0.99314637
       2802.4871       1.0211803
       2802.9871       1.0507966
       2803.4871       1.0819763
       2803.9871       1.1147095
       2804.4871       1.1489967
       2804.9871       1.1848138
       2805.4871       1.2221480
       2805.9871       1.2609849
       2806.4871       1.3013064
       2806.9871       1.3430946
       2807.4871       1.3863268
       2807.9871       1.4309825
       2808.4871       1.4770216
       2808.9871       1.5244487
       2809.4871       1.5732318
       2809.9871       1.6233386
       2810.4871       1.6747408
       2810.9871       1.7274089
       2811.4871       1.7813222
       2811.9871       1.8364583
       2812.4871       1.8927535
       2812.9871       1.9501689
       2813.4871       2.0086511
       2813.9871       2.0682080
       2814.4871       2.1287759
       2814.9871       2.1903119
       2815.4871       2.2527725
       2815.9871       2.3161107
       2816.4871       2.3802809
       2816.9871       2.4452353
       2817.4871       2.5109262
       2817.9871       2.5772868
       2818.4871       2.6442822
       2818.9871       2.7118781
       2819.4871       2.7800054
       2819.9871       2.8486090
       2820.4871       2.9176351
       2820.9871       2.9870262
       2821.4871       3.0567246
       2821.9871       3.1266735
       2822.4871       3.1968197
       2822.9871       3.2670763
       2823.4871       3.3374394
       2823.9871       3.4078285
       2824.4871       3.4781795
       2824.9871       3.5484277
       2825.4871       3.6185168
       2825.9871       3.6883919
       2826.4871       3.7579922
       2826.9871       3.8272585
       2827.4871       3.8961264
       2827.9871       3.9645310
       2828.4871       4.0324601
       2828.9871       4.0998339
       2829.4871       4.1665977
       2829.9871       4.2326982
       2830.4871       4.2980833
       2830.9871       4.3626992
       2831.4871       4.4264965
       2831.9871       4.4894296
       2832.4871       4.5514500
       2832.9871       4.6124916
       2833.4871       4.6725375
       2833.9871       4.7315480
       2834.4871       4.7894697
       2834.9871       4.8462625
       2835.4871       4.9018900
       2835.9871       4.9563162
       2836.4871       5.0095058
       2836.9871       5.0614283
       2837.4871       5.1120517
       2837.9871       5.1613276
       2838.4871       5.2092337
       2838.9871       5.2557552
       2839.4871       5.3008739
       2839.9871       5.3445745
       2840.4871       5.3868374
       2840.9871       5.4276498
       2841.4871       5.4669955
       2841.9871       5.5048642
       2842.4871       5.5412409
       2842.9871       5.5761149
       2843.4871       5.6094966
       2843.9871       5.6413711
       2844.4871       5.6717372
       2844.9871       5.7005944
       2845.4871       5.7279452
       2845.9871       5.7537922
       2846.4871       5.7781386
       2846.9871       5.8009918
       2847.4871       5.8223519
       2847.9871       5.8422441
       2848.4871       5.8606730
       2848.9871       5.8776517
       2849.4871       5.8931931
       2849.9871       5.9073116
       2850.4871       5.9200235
       2850.9871       5.9313449
       2851.4871       5.9412832
       2851.9871       5.9498356
       2852.4871       5.9570561
       2852.9871       5.9629700
       2853.4871       5.9675994
       2853.9871       5.9709651
       2854.4871       5.9730893
       2854.9871       5.9739981
       2855.4871       5.9737116
       2855.9871       5.9722568
       2856.4871       5.9696564
       2856.9871       5.9659405
       2857.4871       5.9611325
       2857.9871       5.9552556
       2858.4871       5.9483411
       2858.9871       5.9404130
       2859.4871       5.9314972
       2859.9871       5.9216207
       2860.4871       5.9108106
       2860.9871       5.8990905
       2861.4871       5.8864896
       2861.9871       5.8730374
       2862.4871       5.8587484
       2862.9871       5.8436510
       2863.4871       5.8277748
       2863.9871       5.8111411
       2864.4871       5.7937753
       2864.9871       5.7756895
       2865.4871       5.7569084
       2865.9871       5.7374704
       2866.4871       5.7173982
       2866.9871       5.6967209
       2867.4871       5.6754468
       2867.9871       5.6536055
       2868.4871       5.6312183
       2868.9871       5.6083098
       2869.4871       5.5849023
       2869.9871       5.5610164
       2870.4871       5.5366726
       2870.9871       5.5118882
       2871.4871       5.4866869
       2871.9871       5.4610950
       2872.4871       5.4351251
       2872.9871       5.4087921
       2873.4871       5.3821201
       2873.9871       5.3551292
       2874.4871       5.3278384
       2874.9871       5.3002677
       2875.4871       5.2724347
       2875.9871       5.2443598
       2876.4871       5.2160597
       2876.9871       5.1875683
       2877.4871       5.1588813
       2877.9871       5.1300277
       2878.4871       5.1010232
       2878.9871       5.0718889
       2879.4871       5.0426497
       2879.9871       5.0133199
       2880.4871       4.9839230
       2880.9871       4.9544758
       2881.4871       4.9250023
       2881.9871       4.8955248
       2882.4871       4.8660473
       2882.9871       4.8366003
       2883.4871       4.8072044
       2883.9871       4.7778793
       2884.4871       4.7486460
       2884.9871       4.7195240
       2885.4871       4.6905371
       2885.9871       4.6617070
       2886.4871       4.6330635
       2886.9871       4.6046154
       2887.4871       4.5763803
       2887.9871       4.5483865
       2888.4871       4.5206551
       2888.9871       4.4932092
       2889.4871       4.4660695
       2889.9871       4.4392599
       2890.4871       4.4127973
       2890.9871       4.3867073
       2891.4871       4.3610242
       2891.9871       4.3357610
       2892.4871       4.3109325
       2892.9871       4.2865610
       2893.4871       4.2626685
       2893.9871       4.2392758
       2894.4871       4.2164013
       2894.9871       4.1940677
       2895.4871       4.1722972
       2895.9871       4.1511135
       2896.4871       4.1305302
       2896.9871       4.1105563
       2897.4871       4.0912149
       2897.9871       4.0725223
       2898.4871       4.0544984
       2898.9871       4.0371606
       2899.4871       4.0205203
       2899.9871       4.0045926
       2900.4871       3.9893899
       2900.9871       3.9749300
       2901.4871       3.9612201
       2901.9871       3.9482715
       2902.4871       3.9360965
       2902.9871       3.9247021
       2903.4871       3.9140982
       2903.9871       3.9042892
       2904.4871       3.8952817
       2904.9871       3.8870914
       2905.4871       3.8797331
       2905.9871       3.8731923
       2906.4871       3.8674634
       2906.9871       3.8625449
       2907.4871       3.8584400
       2907.9871       3.8551422
       2908.4871       3.8526469
       2908.9871       3.8509519
       2909.4871       3.8500532
       2909.9871       3.8499436
       2910.4871       3.8506140
       2910.9871       3.8520504
       2911.4871       3.8542410
       2911.9871       3.8571749
       2912.4871       3.8608410
       2912.9871       3.8652246
       2913.4871       3.8703090
       2913.9871       3.8760776
       2914.4871       3.8825135
       2914.9871       3.8895994
       2915.4871       3.8973129
       2915.9871       3.9056282
       2916.4871       3.9145321
       2916.9871       3.9240037
       2917.4871       3.9340188
       2917.9871       3.9445528
       2918.4871       3.9555922
       2918.9871       3.9671049
       2919.4871       3.9790626
       2919.9871       3.9914370
       2920.4871       4.0042007
       2920.9871       4.0173241
       2921.4871       4.0307916
       2921.9871       4.0445701
       2922.4871       4.0586317
       2922.9871       4.0729500
       2923.4871       4.0874954
       2923.9871       4.1022381
       2924.4871       4.1171517
       2924.9871       4.1322101
       2925.4871       4.1473805
       2925.9871       4.1626406
       2926.4871       4.1779682
       2926.9871       4.1933326
       2927.4871       4.2087081
       2927.9871       4.2240633
       2928.4871       4.2393737
       2928.9871       4.2546137
       2929.4871       4.2697607
       2929.9871       4.2847879
       2930.4871       4.2996657
       2930.9871       4.3143827
       2931.4871       4.3289116
       2931.9871       4.3432205
       2932.4871       4.3572939
       2932.9871       4.3711139
       2933.4871       4.3846625
       2933.9871       4.3979231
       2934.4871       4.4108795
       2934.9871       4.4235111
       2935.4871       4.4357985
       2935.9871       4.4477324
       2936.4871       4.4592958
       2936.9871       4.4704759
       2937.4871       4.4812588
       2937.9871       4.4916346
       2938.4871       4.5015912
       2938.9871       4.5111170
       2939.4871       4.5202024
       2939.9871       4.5288384
       2940.4871       4.5370191
       2940.9871       4.5447364
       2941.4871       4.5519851
       2941.9871       4.5587608
       2942.4871       4.5650557
       2942.9871       4.5708665
       2943.4871       4.5761896
       2943.9871       4.5810227
       2944.4871       4.5853603
       2944.9871       4.5891961
       2945.4871       4.5925188
       2945.9871       4.5953456
       2946.4871       4.5976718
       2946.9871       4.5994969
       2947.4871       4.6008249
       2947.9871       4.6016557
       2948.4871       4.6019876
       2948.9871       4.6018201
       2949.4871       4.6011552
       2949.9871       4.5999947
       2950.4871       4.5983412
       2950.9871       4.5961988
       2951.4871       4.5935648
       2951.9871       4.5904414
       2952.4871       4.5868331
       2952.9871       4.5827426
       2953.4871       4.5781730
       2953.9871       4.5731248
       2954.4871       4.5675985
       2954.9871       4.5615982
       2955.4871       4.5551198
       2955.9871       4.5481670
       2956.4871       4.5407416
       2956.9871       4.5328492
       2957.4871       4.5244899
       2957.9871       4.5156666
       2958.4871       4.5063700
       2958.9871       4.4966006
       2959.4871       4.4863676
       2959.9871       4.4756725
       2960.4871       4.4645086
       2960.9871       4.4528797
       2961.4871       4.4407867
       2961.9871       4.4282307
       2962.4871       4.4152094
       2962.9871       4.4017222
       2963.4871       4.3877666
       2963.9871       4.3733435
       2964.4871       4.3584524
       2964.9871       4.3430912
       2965.4871       4.3272569
       2965.9871       4.3109534
       2966.4871       4.2941780
       2966.9871       4.2769277
       2967.4871       4.2592020
       2967.9871       4.2409977
       2968.4871       4.2223157
       2968.9871       4.2031535
       2969.4871       4.1835185
       2969.9871       4.1633950
       2970.4871       4.1427856
       2970.9871       4.1216943
       2971.4871       4.1001133
       2971.9871       4.0780336
       2972.4871       4.0554660
       2972.9871       4.0324121
       2973.4871       4.0088731
       2973.9871       3.9848530
       2974.4871       3.9603551
       2974.9871       3.9353641
       2975.4871       3.9098913
       2975.9871       3.8839390
       2976.4871       3.8575072
       2976.9871       3.8305997
       2977.4871       3.8032215
       2977.9871       3.7753733
       2978.4871       3.7470590
       2978.9871       3.7182922
       2979.4871       3.6890696
       2979.9871       3.6593918
       2980.4871       3.6292717
       2980.9871       3.5987143
       2981.4871       3.5677285
       2981.9871       3.5363227
       2982.4871       3.5045047
       2982.9871       3.4722861
       2983.4871       3.4396733
       2983.9871       3.4066943
       2984.4871       3.3733278
       2984.9871       3.3395961
       2985.4871       3.3055029
       2985.9871       3.2710688
       2986.4871       3.2363107
       2986.9871       3.2012424
       2987.4871       3.1658777
       2987.9871       3.1302349
       2988.4871       3.0943303
       2988.9871       3.0581800
       2989.4871       3.0217801
       2989.9871       2.9851595
       2990.4871       2.9483361
       2990.9871       2.9113284
       2991.4871       2.8741537
       2991.9871       2.8368321
       2992.4871       2.7993808
       2992.9871       2.7618167
       2993.4871       2.7241705
       2993.9871       2.6864454
       2994.4871       2.6486590
       2994.9871       2.6108408
       2995.4871       2.5730098
       2995.9871       2.5351860
       2996.4871       2.4973911
       2996.9871       2.4596449
       2997.4871       2.4219711
       2997.9871       2.3843889
       2998.4871       2.3469207
       2998.9871       2.3096092
       2999.4871       2.2724370
       2999.9871       2.2354451
       3000.4871       2.1986553
       3000.9871       2.1620843
       3001.4871       2.1257537
       3001.9871       2.0896868
       3002.4871       2.0539037
       3002.9871       2.0184231
       3003.4871       1.9832748
       3003.9871       1.9484733
       3004.4871       1.9140224
       3004.9871       1.8799520
       3005.4871       1.8462819
       3005.9871       1.8130301
       3006.4871       1.7802150
       3006.9871       1.7478514
       3007.4871       1.7159540
       3007.9871       1.6845408
       3008.4871       1.6536391
       3008.9871       1.6232447
       3009.4871       1.5933760
       3009.9871       1.5640516
       3010.4871       1.5352846
       3010.9871       1.5070878
       3011.4871       1.4794728
       3011.9871       1.4524636
       3012.4871       1.4260648
       3012.9871       1.4002801
       3013.4871       1.3751290
       3013.9871       1.3505958
       3014.4871       1.3266995
       3014.9871       1.3034469
       3015.4871       1.2808430
       3015.9871       1.2588938
       3016.4871       1.2376045
       3016.9871       1.2169766
       3017.4871       1.1970119
       3017.9871       1.1777149
       3018.4871       1.1590813
       3018.9871       1.1411082
       3019.4871       1.1238034
       3019.9871       1.1071640
       3020.4871       1.0911866
       3020.9871       1.0758682
       3021.4871       1.0612047
       3021.9871       1.0471910
       3022.4871       1.0338222
       3022.9871       1.0210982
       3023.4871       1.0090038
       3023.9871      0.99753559
       3024.4871      0.98668658
       3024.9871      0.97644935
       3025.4871      0.96683433
       3025.9871      0.95781184
       3026.4871      0.94937162
       3026.9871      0.94150234
       3027.4871      0.93419323
       3027.9871      0.92743550
       3028.4871      0.92121455
       3028.9871      0.91552268
       3029.4871      0.91034704
       3029.9871      0.90567549
       3030.4871      0.90149616
       3030.9871      0.89779725
       3031.4871      0.89456553
       3031.9871      0.89178740
       3032.4871      0.88945069
       3032.9871      0.88754131
       3033.4871      0.88604579
       3033.9871      0.88494879
       3034.4871      0.88423420
       3034.9871      0.88388873
       3035.4871      0.88389933
       3035.9871      0.88425455
       3036.4871      0.88494301
       3036.9871      0.88595034
       3037.4871      0.88726178
       3037.9871      0.88886661
       3038.4871      0.89075383
       3038.9871      0.89291456
       3039.4871      0.89532985
       3039.9871      0.89798661
       3040.4871      0.90087064
       3040.9871      0.90397246
       3041.4871      0.90728321
       3041.9871      0.91078980
       3042.4871      0.91448016
       3042.9871      0.91834407
       3043.4871      0.92237280
       3043.9871      0.92655190
       3044.4871      0.93086938
       3044.9871      0.93531615
       3045.4871      0.93988423
       3045.9871      0.94456664
       3046.4871      0.94935646
       3046.9871      0.95424407
       3047.4871      0.95921731
       3047.9871      0.96427150
       3048.4871      0.96939890
       3048.9871      0.97459025
       3049.4871      0.97983821
       3049.9871      0.98513506
       3050.4871      0.99047392
       3050.9871      0.99584888
       3051.4871       1.0012536
       3051.9871       1.0066837
       3052.4871       1.0121330
       3052.9871       1.0176005
       3053.4871       1.0230792
       3053.9871       1.0285635
       3054.4871       1.0340485
       3054.9871       1.0395322
       3055.4871       1.0450124
       3055.9871       1.0504852
       3056.4871       1.0559510
       3056.9871       1.0614075
       3057.4871       1.0668537
       3057.9871       1.0722872
       3058.4871       1.0777037
       3058.9871       1.0831013
       3059.4871       1.0884796
       3059.9871       1.0938390
       3060.4871       1.0991809
       3060.9871       1.1045043
       3061.4871       1.1098112
       3061.9871       1.1151018
       3062.4871       1.1203822
       3062.9871       1.1256534
       3063.4871       1.1309158
       3063.9871       1.1361722
       3064.4871       1.1414243
       3064.9871       1.1466771
       3065.4871       1.1519341
       3065.9871       1.1571960
       3066.4871       1.1624694
       3066.9871       1.1677547
       3067.4871       1.1730625
       3067.9871       1.1783958
       3068.4871       1.1837595
       3068.9871       1.1891594
       3069.4871       1.1946010
       3069.9871       1.2000878
       3070.4871       1.2056252
       3070.9871       1.2112198
       3071.4871       1.2168755
       3071.9871       1.2226009
       3072.4871       1.2284041
       3072.9871       1.2342910
       3073.4871       1.2402687
       3073.9871       1.2463440
       3074.4871       1.2525241
       3074.9871       1.2588126
       3075.4871       1.2652151
       3075.9871       1.2717393
       3076.4871       1.2783878
       3076.9871       1.2851727
       3077.4871       1.2921001
       3077.9871       1.2991713
       3078.4871       1.3063952
       3078.9871       1.3137810
       3079.4871       1.3213273
       3079.9871       1.3290398
       3080.4871       1.3369235
       3080.9871       1.3449806
       3081.4871       1.3532125
       3081.9871       1.3616194
       3082.4871       1.3702072
       3082.9871       1.3789738
       3083.4871       1.3879206
       3083.9871       1.3970491
       3084.4871       1.4063592
       3084.9871       1.4158521
       3085.4871       1.4255271
       3085.9871       1.4353828
       3086.4871       1.4454143
       3086.9871       1.4556228
       3087.4871       1.4660050
       3087.9871       1.4765564
       3088.4871       1.4872721
       3088.9871       1.4981486
       3089.4871       1.5091802
       3089.9871       1.5203612
       3090.4871       1.5316861
       3090.9871       1.5431473
       3091.4871       1.5547327
       3091.9871       1.5664487
       3092.4871       1.5782791
       3092.9871       1.5902152
       3093.4871       1.6022482
       3093.9871       1.6143698
       3094.4871       1.6265683
       3094.9871       1.6388355
       3095.4871       1.6511607
       3095.9871       1.6635314
       3096.4871       1.6759344
       3096.9871       1.6883663
       3097.4871       1.7008142
       3097.9871       1.7132677
       3098.4871       1.7257156
       3098.9871       1.7381469
       3099.4871       1.7505493
       3099.9871       1.7629118
       3100.4871       1.7752243
       3100.9871       1.7874713
       3101.4871       1.7996493
       3101.9871       1.8117474
       3102.4871       1.8237525
       3102.9871       1.8356527
       3103.4871       1.8474385
       3103.9871       1.8591017
       3104.4871       1.8706366
       3104.9871       1.8820346
       3105.4871       1.8932830
       3105.9871       1.9043703
       3106.4871       1.9152987
       3106.9871       1.9260534
       3107.4871       1.9366300
       3107.9871       1.9470227
       3108.4871       1.9572265
       3108.9871       1.9672373
       3109.4871       1.9770490
       3109.9871       1.9866575
       3110.4871       1.9960577
       3110.9871       2.0052475
       3111.4871       2.0142286
       3111.9871       2.0229963
       3112.4871       2.0315485
       3112.9871       2.0398845
       3113.4871       2.0480038
       3113.9871       2.0559055
       3114.4871       2.0635894
       3114.9871       2.0710564
       3115.4871       2.0783071
       3115.9871       2.0853492
       3116.4871       2.0921845
       3116.9871       2.0988156
       3117.4871       2.1052483
       3117.9871       2.1114849
       3118.4871       2.1175282
       3118.9871       2.1233800
       3119.4871       2.1290491
       3119.9871       2.1345411
       3120.4871       2.1398588
       3120.9871       2.1450125
       3121.4871       2.1500088
       3121.9871       2.1548545
       3122.4871       2.1595555
       3122.9871       2.1641211
       3123.4871       2.1685573
       3123.9871       2.1728715
       3124.4871       2.1770715
       3124.9871       2.1811648
       3125.4871       2.1851609
       3125.9871       2.1890685
       3126.4871       2.1928958
       3126.9871       2.1966515
       3127.4871       2.2003467
       3127.9871       2.2039892
       3128.4871       2.2075855
       3128.9871       2.2111434
       3129.4871       2.2146747
       3129.9871       2.2181857
       3130.4871       2.2216846
       3130.9871       2.2251811
       3131.4871       2.2286842
       3131.9871       2.2322012
       3132.4871       2.2357413
       3132.9871       2.2393146
       3133.4871       2.2429292
       3133.9871       2.2465919
       3134.4871       2.2503148
       3134.9871       2.2541032
       3135.4871       2.2579619
       3135.9871       2.2618975
       3136.4871       2.2659167
       3136.9871       2.2700282
       3137.4871       2.2742395
       3137.9871       2.2785591
       3138.4871       2.2829909
       3138.9871       2.2875400
       3139.4871       2.2922099
       3139.9871       2.2970046
       3140.4871       2.3019331
       3140.9871       2.3070015
       3141.4871       2.3122144
       3141.9871       2.3175771
       3142.4871       2.3230938
       3142.9871       2.3287680
       3143.4871       2.3345999
       3143.9871       2.3405926
       3144.4871       2.3467496
       3144.9871       2.3530727
       3145.4871       2.3595720
       3145.9871       2.3662439
       3146.4871       2.3730914
       3146.9871       2.3801162
       3147.4871       2.3873187
       3147.9871       2.3946991
       3148.4871       2.4022559
       3148.9871       2.4099888
       3149.4871       2.4178964
       3149.9871       2.4259764
       3150.4871       2.4342332
       3150.9871       2.4426634
       3151.4871       2.4512656
       3151.9871       2.4600376
       3152.4871       2.4689775
       3152.9871       2.4780827
       3153.4871       2.4873507
       3153.9871       2.4967763
       3154.4871       2.5063495
       3154.9871       2.5160690
       3155.4871       2.5259298
       3155.9871       2.5359277
       3156.4871       2.5460572
       3156.9871       2.5563114
       3157.4871       2.5666837
       3157.9871       2.5771683
       3158.4871       2.5877569
       3158.9871       2.5984446
       3159.4871       2.6092136
       3159.9871       2.6200655
       3160.4871       2.6309882
       3160.9871       2.6419719
       3161.4871       2.6530082
       3161.9871       2.6640858
       3162.4871       2.6751972
       3162.9871       2.6863314
       3163.4871       2.6974754
       3163.9871       2.7086198
       3164.4871       2.7197500
       3164.9871       2.7308538
       3165.4871       2.7419249
       3165.9871       2.7529518
       3166.4871       2.7639232
       3166.9871       2.7748283
       3167.4871       2.7856537
       3167.9871       2.7963856
       3168.4871       2.8070115
       3168.9871       2.8175208
       3169.4871       2.8278961
       3169.9871       2.8381337
       3170.4871       2.8482185
       3170.9871       2.8581389
       3171.4871       2.8678833
       3171.9871       2.8774377
       3172.4871       2.8867864
       3172.9871       2.8959206
       3173.4871       2.9048301
       3173.9871       2.9135039
       3174.4871       2.9219275
       3174.9871       2.9300984
       3175.4871       2.9380016
       3175.9871       2.9456288
       3176.4871       2.9529720
       3176.9871       2.9600206
       3177.4871       2.9667640
       3177.9871       2.9731934
       3178.4871       2.9793018
       3178.9871       2.9850813
       3179.4871       2.9905272
       3179.9871       2.9956334
       3180.4871       3.0003953
       3180.9871       3.0048068
       3181.4871       3.0088661
       3181.9871       3.0125701
       3182.4871       3.0159178
       3182.9871       3.0189099
       3183.4871       3.0215434
       3183.9871       3.0238180
       3184.4871       3.0257317
       3184.9871       3.0272862
       3185.4871       3.0284760
       3185.9871       3.0292990
       3186.4871       3.0297666
       3186.9871       3.0298832
       3187.4871       3.0296518
       3187.9871       3.0290772
       3188.4871       3.0281687
       3188.9871       3.0269321
       3189.4871       3.0253741
       3189.9871       3.0235037
       3190.4871       3.0213280
       3190.9871       3.0188552
       3191.4871       3.0160949
       3191.9871       3.0130564
       3192.4871       3.0097496
       3192.9871       3.0061874
       3193.4871       3.0023838
       3193.9871       2.9983471
       3194.4871       2.9940882
       3194.9871       2.9896194
       3195.4871       2.9849525
       3195.9871       2.9801007
       3196.4871       2.9750782
       3196.9871       2.9698984
       3197.4871       2.9645748
       3197.9871       2.9591218
       3198.4871       2.9535553
       3198.9871       2.9478835
       3199.4871       2.9421228
       3199.9871       2.9362831
       3200.4871       2.9303821
       3200.9871       2.9244289
       3201.4871       2.9184381
       3201.9871       2.9124218
       3202.4871       2.9063924
       3202.9871       2.9003640
       3203.4871       2.8943465
       3203.9871       2.8883490
       3204.4871       2.8823834
       3204.9871       2.8764586
       3205.4871       2.8705829
       3205.9871       2.8647644
       3206.4871       2.8590124
       3206.9871       2.8533371
       3207.4871       2.8477474
       3207.9871       2.8422523
       3208.4871       2.8368605
       3208.9871       2.8315753
       3209.4871       2.8263999
       3209.9871       2.8213378
       3210.4871       2.8163931
       3210.9871       2.8115657
       3211.4871       2.8068593
       3211.9871       2.8022744
       3212.4871       2.7978227
       3212.9871       2.7934970
       3213.4871       2.7893019
       3213.9871       2.7852327
       3214.4871       2.7812889
       3214.9871       2.7774694
       3215.4871       2.7737715
       3215.9871       2.7701916
       3216.4871       2.7667273
       3216.9871       2.7633753
       3217.4871       2.7601328
       3217.9871       2.7569970
       3218.4871       2.7539627
       3218.9871       2.7510250
       3219.4871       2.7481794
       3219.9871       2.7454227
       3220.4871       2.7427487
       3220.9871       2.7401519
       3221.4871       2.7376250
       3221.9871       2.7351634
       3222.4871       2.7327606
       3222.9871       2.7304117
       3223.4871       2.7281112
       3223.9871       2.7258525
       3224.4871       2.7236327
       3224.9871       2.7214456
       3225.4871       2.7192852
       3225.9871       2.7171476
       3226.4871       2.7150273
       3226.9871       2.7129222
       3227.4871       2.7108254
       3227.9871       2.7087340
       3228.4871       2.7066434
       3228.9871       2.7045518
       3229.4871       2.7024555
       3229.9871       2.7003533
       3230.4871       2.6982431
       3230.9871       2.6961242
       3231.4871       2.6939960
       3231.9871       2.6918559
       3232.4871       2.6897045
       3232.9871       2.6875423
       3233.4871       2.6853689
       3233.9871       2.6831867
       3234.4871       2.6809963
       3234.9871       2.6787987
       3235.4871       2.6765977
       3235.9871       2.6743955
       3236.4871       2.6721962
       3236.9871       2.6700048
       3237.4871       2.6678245
       3237.9871       2.6656591
       3238.4871       2.6635126
       3238.9871       2.6613911
       3239.4871       2.6592994
       3239.9871       2.6572432
       3240.4871       2.6552248
       3240.9871       2.6532528
       3241.4871       2.6513312
       3241.9871       2.6494694
       3242.4871       2.6476736
       3242.9871       2.6459482
       3243.4871       2.6443004
       3243.9871       2.6427352
       3244.4871       2.6412591
       3244.9871       2.6398785
       3245.4871       2.6385996
       3245.9871       2.6374277
       3246.4871       2.6363663
       3246.9871       2.6354226
       3247.4871       2.6346028
       3247.9871       2.6339095
       3248.4871       2.6333468
       3248.9871       2.6329196
       3249.4871       2.6326311
       3249.9871       2.6324843
       3250.4871       2.6324802
       3250.9871       2.6326236
       3251.4871       2.6329163
       3251.9871       2.6333604
       3252.4871       2.6339622
       3252.9871       2.6347167
       3253.4871       2.6356203
       3253.9871       2.6366725
       3254.4871       2.6378734
       3254.9871       2.6392185
       3255.4871       2.6407087
       3255.9871       2.6423396
       3256.4871       2.6441092
       3256.9871       2.6460112
       3257.4871       2.6480423
       3257.9871       2.6501970
       3258.4871       2.6524682
       3258.9871       2.6548475
       3259.4871       2.6573284
       3259.9871       2.6599034
       3260.4871       2.6625631
       3260.9871       2.6652981
       3261.4871       2.6681009
       3261.9871       2.6709599
       3262.4871       2.6738663
       3262.9871       2.6768091
       3263.4871       2.6797766
       3263.9871       2.6827570
       3264.4871       2.6857386
       3264.9871       2.6887117
       3265.4871       2.6916608
       3265.9871       2.6945710
       3266.4871       2.6974299
       3266.9871       2.7002250
       3267.4871       2.7029465
       3267.9871       2.7055798
       3268.4871       2.7081126
       3268.9871       2.7105315
       3269.4871       2.7128236
       3269.9871       2.7149760
       3270.4871       2.7169738
       3270.9871       2.7188056
       3271.4871       2.7204568
       3271.9871       2.7219161
       3272.4871       2.7231732
       3272.9871       2.7242161
       3273.4871       2.7250319
       3273.9871       2.7256098
       3274.4871       2.7259384
       3274.9871       2.7260067
       3275.4871       2.7258058
       3275.9871       2.7253250
       3276.4871       2.7245561
       3276.9871       2.7234898
       3277.4871       2.7221182
       3277.9871       2.7204337
       3278.4871       2.7184294
       3278.9871       2.7160952
       3279.4871       2.7134237
       3279.9871       2.7104178
       3280.4871       2.7070717
       3280.9871       2.7033838
       3281.4871       2.6993526
       3281.9871       2.6949715
       3282.4871       2.6902412
       3282.9871       2.6851598
       3283.4871       2.6797282
       3283.9871       2.6739477
       3284.4871       2.6678193
       3284.9871       2.6613455
       3285.4871       2.6545289
       3285.9871       2.6473739
       3286.4871       2.6398842
       3286.9871       2.6320637
       3287.4871       2.6239191
       3287.9871       2.6154561
       3288.4871       2.6066821
       3288.9871       2.5976033
       3289.4871       2.5882264
       3289.9871       2.5785585
       3290.4871       2.5686102
       3290.9871       2.5583871
       3291.4871       2.5479064
       3291.9871       2.5371667
       3292.4871       2.5261798
       3292.9871       2.5149570
       3293.4871       2.5035153
       3293.9871       2.4918622
       3294.4871       2.4800105
       3294.9871       2.4679736
       3295.4871       2.4557625
       3295.9871       2.4433920
       3296.4871       2.4308768
       3296.9871       2.4182233
       3297.4871       2.4054479
       3297.9871       2.3925636
       3298.4871       2.3795851
       3298.9871       2.3665236
       3299.4871       2.3533896
       3299.9871       2.3401967
       3300.4871       2.3269561
       3300.9871       2.3136868
       3301.4871       2.3003941
       3301.9871       2.2870914
       3302.4871       2.2737963
       3302.9871       2.2605186
       3303.4871       2.2472703
       3303.9871       2.2340653
       3304.4871       2.2209116
       3304.9871       2.2078241
       3305.4871       2.1948113
       3305.9871       2.1818949
       3306.4871       2.1690673
       3306.9871       2.1563460
       3307.4871       2.1437403
       3307.9871       2.1312620
       3308.4871       2.1189197
       3308.9871       2.1067219
       3309.4871       2.0946763
       3309.9871       2.0827912
       3310.4871       2.0710749
       3310.9871       2.0595351
       3311.4871       2.0481729
       3311.9871       2.0369995
       3312.4871       2.0260215
       3312.9871       2.0152443
       3313.4871       2.0046738
       3313.9871       1.9943142
       3314.4871       1.9841704
       3314.9871       1.9742448
       3315.4871       1.9645447
       3315.9871       1.9550674
       3316.4871       1.9458171
       3316.9871       1.9367974
       3317.4871       1.9280125
       3317.9871       1.9194630
       3318.4871       1.9111507
       3318.9871       1.9030805
       3319.4871       1.8952571
       3319.9871       1.8876748
       3320.4871       1.8803360
       3320.9871       1.8732338
       3321.4871       1.8663723
       3321.9871       1.8597505
       3322.4871       1.8533683
       3322.9871       1.8472253
       3323.4871       1.8413205
       3323.9871       1.8356535
       3324.4871       1.8302205
       3324.9871       1.8250210
       3325.4871       1.8200511
       3325.9871       1.8153083
       3326.4871       1.8107928
       3326.9871       1.8065007
       3327.4871       1.8024286
       3327.9871       1.7985732
       3328.4871       1.7949319
       3328.9871       1.7915016
       3329.4871       1.7882786
       3329.9871       1.7852606
       3330.4871       1.7824421
       3330.9871       1.7798206
       3331.4871       1.7773930
       3331.9871       1.7751549
       3332.4871       1.7731075
       3332.9871       1.7712467
       3333.4871       1.7695640
       3333.9871       1.7680572
       3334.4871       1.7667230
       3334.9871       1.7655577
       3335.4871       1.7645569
       3335.9871       1.7637176
       3336.4871       1.7630353
       3336.9871       1.7625061
       3337.4871       1.7621248
       3337.9871       1.7618868
       3338.4871       1.7617873
       3338.9871       1.7618212
       3339.4871       1.7619863
       3339.9871       1.7622812
       3340.4871       1.7627033
       3340.9871       1.7632485
       3341.4871       1.7639139
       3341.9871       1.7646964
       3342.4871       1.7655919
       3342.9871       1.7665951
       3343.4871       1.7677031
       3343.9871       1.7689136
       3344.4871       1.7702253
       3344.9871       1.7716336
       3345.4871       1.7731352
       3345.9871       1.7747278
       3346.4871       1.7764085
       3346.9871       1.7781722
       3347.4871       1.7800178
       3347.9871       1.7819411
       3348.4871       1.7839417
       3348.9871       1.7860155
       3349.4871       1.7881614
       3349.9871       1.7903768
       3350.4871       1.7926607
       3350.9871       1.7950111
       3351.4871       1.7974251
       3351.9871       1.7999014
       3352.4871       1.8024375
       3352.9871       1.8050312
       3353.4871       1.8076812
       3353.9871       1.8103865
       3354.4871       1.8131455
       3354.9871       1.8159573
       3355.4871       1.8188196
       3355.9871       1.8217307
       3356.4871       1.8246901
       3356.9871       1.8276936
       3357.4871       1.8307409
       3357.9871       1.8338315
       3358.4871       1.8369640
       3358.9871       1.8401387
       3359.4871       1.8433540
       3359.9871       1.8466124
       3360.4871       1.8499097
       3360.9871       1.8532450
       3361.4871       1.8566159
       3361.9871       1.8600223
       3362.4871       1.8634636
       3362.9871       1.8669377
       3363.4871       1.8704433
       3363.9871       1.8739793
       3364.4871       1.8775443
       3364.9871       1.8811391
       3365.4871       1.8847613
       3365.9871       1.8884099
       3366.4871       1.8920820
       3366.9871       1.8957768
       3367.4871       1.8994928
       3367.9871       1.9032279
       3368.4871       1.9069798
       3368.9871       1.9107449
       3369.4871       1.9145242
       3369.9871       1.9183143
       3370.4871       1.9221149
       3370.9871       1.9259228
       3371.4871       1.9297352
       3371.9871       1.9335508
       3372.4871       1.9373637
       3372.9871       1.9411719
       3373.4871       1.9449734
       3373.9871       1.9487637
       3374.4871       1.9525391
       3374.9871       1.9562991
       3375.4871       1.9600368
       3375.9871       1.9637488
       3376.4871       1.9674313
       3376.9871       1.9710813
       3377.4871       1.9746925
       3377.9871       1.9782616
       3378.4871       1.9817842
       3378.9871       1.9852546
       3379.4871       1.9886685
       3379.9871       1.9920219
       3380.4871       1.9953088
       3380.9871       1.9985249
       3381.4871       2.0016648
       3381.9871       2.0047227
       3382.4871       2.0076928
       3382.9871       2.0105680
       3383.4871       2.0133434
       3383.9871       2.0160129
       3384.4871       2.0185718
       3384.9871       2.0210139
       3385.4871       2.0233333
       3385.9871       2.0255204
       3386.4871       2.0275702
       3386.9871       2.0294779
       3387.4871       2.0312384
       3387.9871       2.0328457
       3388.4871       2.0342949
       3388.9871       2.0355796
       3389.4871       2.0366941
       3389.9871       2.0376336
       3390.4871       2.0383918
       3390.9871       2.0389639
       3391.4871       2.0393453
       3391.9871       2.0395306
       3392.4871       2.0395161
       3392.9871       2.0392967
       3393.4871       2.0388689
       3393.9871       2.0382289
       3394.4871       2.0373730
       3394.9871       2.0362979
       3395.4871       2.0349994
       3395.9871       2.0334737
       3396.4871       2.0317196
       3396.9871       2.0297348
       3397.4871       2.0275188
       3397.9871       2.0250708
       3398.4871       2.0223906
       3398.9871       2.0194764
       3399.4871       2.0163208
       3399.9871       2.0129308
       3400.4871       2.0093086
       3400.9871       2.0054545
       3401.4871       2.0013706
       3401.9871       1.9970581
       3402.4871       1.9925193
       3402.9871       1.9877572
       3403.4871       1.9827753
       3403.9871       1.9775757
       3404.4871       1.9721634
       3404.9871       1.9665423
       3405.4871       1.9607181
       3405.9871       1.9546978
       3406.4871       1.9484855
       3406.9871       1.9420872
       3407.4871       1.9355100
       3407.9871       1.9287621
       3408.4871       1.9218478
       3408.9871       1.9147739
       3409.4871       1.9075502
       3409.9871       1.9001848
       3410.4871       1.8926867
       3410.9871       1.8850637
       3411.4871       1.8773246
       3411.9871       1.8694782
       3412.4871       1.8615347
       3412.9871       1.8535039
       3413.4871       1.8453915
       3413.9871       1.8372115
       3414.4871       1.8289737
       3414.9871       1.8206882
       3415.4871       1.8123656
       3415.9871       1.8040170
       3416.4871       1.7956511
       3416.9871       1.7872786
       3417.4871       1.7789095
       3417.9871       1.7705561
       3418.4871       1.7622269
       3418.9871       1.7539278
       3419.4871       1.7456716
       3419.9871       1.7374684
       3420.4871       1.7293271
       3420.9871       1.7212572
       3421.4871       1.7132686
       3421.9871       1.7053700
       3422.4871       1.6975708
       3422.9871       1.6898822
       3423.4871       1.6823076
       3423.9871       1.6748567
       3424.4871       1.6675370
       3424.9871       1.6603570
       3425.4871       1.6533238
       3425.9871       1.6464472
       3426.4871       1.6397355
       3426.9871       1.6331920
       3427.4871       1.6268228
       3427.9871       1.6206357
       3428.4871       1.6146303
       3428.9871       1.6088151
       3429.4871       1.6031918
       3429.9871       1.5977666
       3430.4871       1.5925424
       3430.9871       1.5875215
       3431.4871       1.5827091
       3431.9871       1.5781072
       3432.4871       1.5737191
       3432.9871       1.5695459
       3433.4871       1.5655877
       3433.9871       1.5618475
       3434.4871       1.5583259
       3434.9871       1.5550218
       3435.4871       1.5519371
       3435.9871       1.5490705
       3436.4871       1.5464218
       3436.9871       1.5439914
       3437.4871       1.5417774
       3437.9871       1.5397784
       3438.4871       1.5379915
       3438.9871       1.5364174
       3439.4871       1.5350582
       3439.9871       1.5339063
       3440.4871       1.5329591
       3440.9871       1.5322106
       3441.4871       1.5316580
       3441.9871       1.5312976
       3442.4871       1.5311271
       3442.9871       1.5311401
       3443.4871       1.5313328
       3443.9871       1.5317010
       3444.4871       1.5322387
       3444.9871       1.5329410
       3445.4871       1.5338039
       3445.9871       1.5348217
       3446.4871       1.5359899
       3446.9871       1.5373025
       3447.4871       1.5387545
       3447.9871       1.5403411
       3448.4871       1.5420563
       3448.9871       1.5438925
       3449.4871       1.5458437
       3449.9871       1.5479040
       3450.4871       1.5500658
       3450.9871       1.5523231
       3451.4871       1.5546694
       3451.9871       1.5570970
       3452.4871       1.5596055
       3452.9871       1.5621853
       3453.4871       1.5648279
       3453.9871       1.5675276
       3454.4871       1.5702760
       3454.9871       1.5730672
       3455.4871       1.5758935
       3455.9871       1.5787490
       3456.4871       1.5816279
       3456.9871       1.5845227
       3457.4871       1.5874273
       3457.9871       1.5903370
       3458.4871       1.5932439
       3458.9871       1.5961414
       3459.4871       1.5990234
       3459.9871       1.6018831
       3460.4871       1.6047134
       3460.9871       1.6075088
       3461.4871       1.6102625
       3461.9871       1.6129682
       3462.4871       1.6156209
       3462.9871       1.6182149
       3463.4871       1.6207430
       3463.9871       1.6231998
       3464.4871       1.6255801
       3464.9871       1.6278774
       3465.4871       1.6300878
       3465.9871       1.6322036
       3466.4871       1.6342194
       3466.9871       1.6361319
       3467.4871       1.6379370
       3467.9871       1.6396277
       3468.4871       1.6412003
       3468.9871       1.6426493
       3469.4871       1.6439703
       3469.9871       1.6451586
       3470.4871       1.6462097
       3470.9871       1.6471205
       3471.4871       1.6478865
       3471.9871       1.6485030
       3472.4871       1.6489649
       3472.9871       1.6492689
       3473.4871       1.6494114
       3473.9871       1.6493900
       3474.4871       1.6492001
       3474.9871       1.6488386
       3475.4871       1.6483022
       3475.9871       1.6475888
       3476.4871       1.6466960
       3476.9871       1.6456190
       3477.4871       1.6443553
       3477.9871       1.6429027
       3478.4871       1.6412580
       3478.9871       1.6394160
       3479.4871       1.6373711
       3479.9871       1.6351232
       3480.4871       1.6326719
       3480.9871       1.6300152
       3481.4871       1.6271517
       3481.9871       1.6240768
       3482.4871       1.6207891
       3482.9871       1.6172876
       3483.4871       1.6135701
       3483.9871       1.6096346
       3484.4871       1.6054778
       3484.9871       1.6010986
       3485.4871       1.5964949
       3485.9871       1.5916666
       3486.4871       1.5866105
       3486.9871       1.5813243
       3487.4871       1.5758089
       3487.9871       1.5700622
       3488.4871       1.5640826
       3488.9871       1.5578690
       3489.4871       1.5514195
       3489.9871       1.5447328
       3490.4871       1.5378100
       3490.9871       1.5306524
       3491.4871       1.5232544
       3491.9871       1.5156194
       3492.4871       1.5077450
       3492.9871       1.4996244
       3493.4871       1.4912623
       3493.9871       1.4826626
       3494.4871       1.4738253
       3494.9871       1.4647496
       3495.4871       1.4554384
       3495.9871       1.4458940
       3496.4871       1.4361119
       3496.9871       1.4260965
       3497.4871       1.4158495
       3497.9871       1.4053734
       3498.4871       1.3946692
       3498.9871       1.3837392
       3499.4871       1.3725856
       3499.9871       1.3612106
       3500.4871       1.3496170
       3500.9871       1.3378131
       3501.4871       1.3257967
       3501.9871       1.3135724
       3502.4871       1.3011457
       3502.9871       1.2885209
       3503.4871       1.2757026
       3503.9871       1.2626962
       3504.4871       1.2495054
       3504.9871       1.2361384
       3505.4871       1.2225990
       3505.9871       1.2088998
       3506.4871       1.1950323
       3506.9871       1.1810126
       3507.4871       1.1668497
       3507.9871       1.1525503
       3508.4871       1.1381223
       3508.9871       1.1235746
       3509.4871       1.1089154
       3509.9871       1.0941544
       3510.4871       1.0793027
       3510.9871       1.0643689
       3511.4871       1.0493569
       3511.9871       1.0342803
       3512.4871       1.0191499
       3512.9871       1.0039769
       3513.4871      0.98877144
       3513.9871      0.97354518
       3514.4871      0.95830907
       3514.9871      0.94307461
       3515.4871      0.92785834
       3515.9871      0.91266319
       3516.4871      0.89750166
       3516.9871      0.88238718
       3517.4871      0.86733190
       3517.9871      0.85234825
       3518.4871      0.83744865
       3518.9871      0.82264508
       3519.4871      0.80795178
       3519.9871      0.79338071
       3520.4871      0.77894850
       3520.9871      0.76465420
       3521.4871      0.75051670
       3521.9871      0.73654765
       3522.4871      0.72275873
       3522.9871      0.70916152
       3523.4871      0.69576727
       3523.9871      0.68258725
       3524.4871      0.66963233
       3524.9871      0.65691518
       3525.4871      0.64444409
       3525.9871      0.63222499
       3526.4871      0.62027117
       3526.9871      0.60859226
       3527.4871      0.59719754
       3527.9871      0.58609566
       3528.4871      0.57529459
       3528.9871      0.56480227
       3529.4871      0.55462520
       3529.9871      0.54477380
       3530.4871      0.53524823
       3530.9871      0.52605733
       3531.4871      0.51720681
       3531.9871      0.50870225
       3532.4871      0.50054723
       3532.9871      0.49275715
       3533.4871      0.48532583
       3533.9871      0.47825378
       3534.4871      0.47154353
       3534.9871      0.46519878
       3535.4871      0.45921581
       3535.9871      0.45359812
       3536.4871      0.44834601
       3536.9871      0.44345902
       3537.4871      0.43893596
       3537.9871      0.43477549
       3538.4871      0.43097519
       3538.9871      0.42753166
       3539.4871      0.42444078
       3539.9871      0.42169977
       3540.4871      0.41930387
       3540.9871      0.41724793
       3541.4871      0.41552732
       3541.9871      0.41413627
       3542.4871      0.41306872
       3542.9871      0.41231785
       3543.4871      0.41187626
       3543.9871      0.41173663
       3544.4871      0.41189141
       3544.9871      0.41233205
       3545.4871      0.41305065
       3545.9871      0.41404071
       3546.4871      0.41529857
       3546.9871      0.41680701
       3547.4871      0.41855580
       3547.9871      0.42053476
       3548.4871      0.42273387
       3548.9871      0.42514258
       3549.4871      0.42775000
       3549.9871      0.43054519
       3550.4871      0.43351950
       3550.9871      0.43666115
       3551.4871      0.43995991
       3551.9871      0.44340541
       3552.4871      0.44698693
       3552.9871      0.45069339
       3553.4871      0.45451374
       3553.9871      0.45843716
       3554.4871      0.46245123
       3554.9871      0.46654698
       3555.4871      0.47071424
       3555.9871      0.47494215
       3556.4871      0.47922090
       3556.9871      0.48354074
       3557.4871      0.48789185
       3557.9871      0.49226462
       3558.4871      0.49665027
       3558.9871      0.50103955
       3559.4871      0.50542169
       3559.9871      0.50979166
       3560.4871      0.51413984
       3560.9871      0.51845833
       3561.4871      0.52273974
       3561.9871      0.52697703
       3562.4871      0.53116365
       3562.9871      0.53529284
       3563.4871      0.53935844
       3563.9871      0.54335456
       3564.4871      0.54727583
       3564.9871      0.55111958
       3565.4871      0.55488039
       3565.9871      0.55855435
       3566.4871      0.56213778
       3566.9871      0.56562733
       3567.4871      0.56901996
       3567.9871      0.57231312
       3568.4871      0.57550419
       3568.9871      0.57859015
       3569.4871      0.58157183
       3569.9871      0.58444775
       3570.4871      0.58721718
       3570.9871      0.58987965
       3571.4871      0.59243517
       3571.9871      0.59488419
       3572.4871      0.59722756
       3572.9871      0.59946370
       3573.4871      0.60159595
       3573.9871      0.60362574
       3574.4871      0.60555667
       3574.9871      0.60738969
       3575.4871      0.60912731
       3575.9871      0.61077210
       3576.4871      0.61232645
       3576.9871      0.61379310
       3577.4871      0.61517524
       3577.9871      0.61647675
       3578.4871      0.61770176
       3578.9871      0.61885427
       3579.4871      0.61993835
       3579.9871      0.62095734
       3580.4871      0.62191548
       3580.9871      0.62281683
       3581.4871      0.62366536
       3581.9871      0.62446508
       3582.4871      0.62522009
       3582.9871      0.62593449
       3583.4871      0.62661240
       3583.9871      0.62725704
       3584.4871      0.62787342
       3584.9871      0.62846454
       3585.4871      0.62903417
       3585.9871      0.62958607
       3586.4871      0.63012376
       3586.9871      0.63065149
       3587.4871      0.63117315
       3587.9871      0.63169159
       3588.4871      0.63220985
       3588.9871      0.63273053
       3589.4871      0.63325685
       3589.9871      0.63379105
       3590.4871      0.63433507
       3590.9871      0.63489070
       3591.4871      0.63545958
       3591.9871      0.63604318
       3592.4871      0.63664290
       3592.9871      0.63725997
       3593.4871      0.63789527
       3593.9871      0.63854979
       3594.4871      0.63922444
       3594.9871      0.63991917
       3595.4871      0.64063406
       3595.9871      0.64136882
       3596.4871      0.64212286
       3596.9871      0.64289558
       3597.4871      0.64368604
       3597.9871      0.64449369
       3598.4871      0.64531689
       3598.9871      0.64615492
       3599.4871      0.64700564
       3599.9871      0.64786801
       3600.4871      0.64873898
       3600.9871      0.64961615
       3601.4871      0.65049709
       3601.9871      0.65137915
       3602.4871      0.65225985
       3602.9871      0.65313602
       3603.4871      0.65400501
       3603.9871      0.65486492
       3604.4871      0.65571193
       3604.9871      0.65654229
       3605.4871      0.65735232
       3605.9871      0.65813912
       3606.4871      0.65889927
       3606.9871      0.65962973
       3607.4871      0.66032723
       3607.9871      0.66098803
       3608.4871      0.66160925
       3608.9871      0.66218722
       3609.4871      0.66271847
       3609.9871      0.66319978
       3610.4871      0.66362781
       3610.9871      0.66399917
       3611.4871      0.66431092
       3611.9871      0.66455953
       3612.4871      0.66474234
       3612.9871      0.66485448
       3613.4871      0.66489375
       3613.9871      0.66485778
       3614.4871      0.66474478
       3614.9871      0.66455239
       3615.4871      0.66427793
       3615.9871      0.66391940
       3616.4871      0.66347495
       3616.9871      0.66294248
       3617.4871      0.66232040
       3617.9871      0.66160713
       3618.4871      0.66080093
       3618.9871      0.65990093
       3619.4871      0.65890604
       3619.9871      0.65781544
       3620.4871      0.65662866
       3620.9871      0.65534499
       3621.4871      0.65396413
       3621.9871      0.65248594
       3622.4871      0.65091098
       3622.9871      0.64923838
       3623.4871      0.64746799
       3623.9871      0.64560066
       3624.4871      0.64363685
       3624.9871      0.64157748
       3625.4871      0.63942345
       3625.9871      0.63717621
       3626.4871      0.63483410
       3626.9871      0.63240170
       3627.4871      0.62988147
       3627.9871      0.62727633
       3628.4871      0.62458587
       3628.9871      0.62181303
       3629.4871      0.61896030
       3629.9871      0.61602971
       3630.4871      0.61302424
       3630.9871      0.60994663
       3631.4871      0.60679970
       3631.9871      0.60358630
       3632.4871      0.60031025
       3632.9871      0.59697407
       3633.4871      0.59358034
       3633.9871      0.59013335
       3634.4871      0.58663644
       3634.9871      0.58309316
       3635.4871      0.57950736
       3635.9871      0.57588236
       3636.4871      0.57222202
       3636.9871      0.56853006
       3637.4871      0.56481205
       3637.9871      0.56106880
       3638.4871      0.55730495
       3638.9871      0.55352436
       3639.4871      0.54973115
       3639.9871      0.54592947
       3640.4871      0.54212340
       3640.9871      0.53831700
       3641.4871      0.53451438
       3641.9871      0.53071988
       3642.4871      0.52693812
       3642.9871      0.52317052
       3643.4871      0.51942228
       3643.9871      0.51569703
       3644.4871      0.51199859
       3644.9871      0.50833048
       3645.4871      0.50469594
       3645.9871      0.50109806
       3646.4871      0.49754025
       3646.9871      0.49402714
       3647.4871      0.49056096
       3647.9871      0.48714475
       3648.4871      0.48378305
       3648.9871      0.48047926
       3649.4871      0.47723614
       3649.9871      0.47405652
       3650.4871      0.47094291
       3650.9871      0.46789802
       3651.4871      0.46492464
       3651.9871      0.46202656
       3652.4871      0.45920274
       3652.9871      0.45645790
       3653.4871      0.45379447
       3653.9871      0.45121342
       3654.4871      0.44871648
       3654.9871      0.44630524
       3655.4871      0.44398110
       3655.9871      0.44174547
       3656.4871      0.43960016
       3656.9871      0.43754654
       3657.4871      0.43558480
       3657.9871      0.43371654
       3658.4871      0.43194253
       3658.9871      0.43026332
       3659.4871      0.42867909
       3659.9871      0.42719009
       3660.4871      0.42579692
       3660.9871      0.42450025
       3661.4871      0.42330103
       3661.9871      0.42219870
       3662.4871      0.42119292
       3662.9871      0.42028356
       3663.4871      0.41947030
       3663.9871      0.41875285
       3664.4871      0.41813074
       3664.9871      0.41760396
       3665.4871      0.41717312
       3665.9871      0.41683778
       3666.4871      0.41659939
       3666.9871      0.41645610
       3667.4871      0.41640569
       3667.9871      0.41644790
       3668.4871      0.41658166
       3668.9871      0.41680676
       3669.4871      0.41712238
       3669.9871      0.41752821
       3670.4871      0.41802369
       3670.9871      0.41860821
       3671.4871      0.41928111
       3671.9871      0.42004181
       3672.4871      0.42088978
       3672.9871      0.42182451
       3673.4871      0.42284564
       3673.9871      0.42395277
       3674.4871      0.42514579
       3674.9871      0.42642418
       3675.4871      0.42778757
       3675.9871      0.42923624
       3676.4871      0.43076986
       3676.9871      0.43238962
       3677.4871      0.43409548
       3677.9871      0.43588750
       3678.4871      0.43776640
       3678.9871      0.43973248
       3679.4871      0.44178570
       3679.9871      0.44393002
       3680.4871      0.44616315
       3680.9871      0.44848619
       3681.4871      0.45089903
       3681.9871      0.45340470
       3682.4871      0.45600330
       3682.9871      0.45869598
       3683.4871      0.46148433
       3683.9871      0.46436965
       3684.4871      0.46735307
       3684.9871      0.47043525
       3685.4871      0.47361748
       3685.9871      0.47690090
       3686.4871      0.48028799
       3686.9871      0.48378121
       3687.4871      0.48738131
       3687.9871      0.49108966
       3688.4871      0.49490808
       3688.9871      0.49883756
       3689.4871      0.50287925
       3689.9871      0.50703444
       3690.4871      0.51130470
       3690.9871      0.51568986
       3691.4871      0.52019395
       3691.9871      0.52481764
       3692.4871      0.52956112
       3692.9871      0.53442670
       3693.4871      0.53941696
       3693.9871      0.54452966
       3694.4871      0.54976475
       3694.9871      0.55512179
       3695.4871      0.56060044
       3695.9871      0.56620006
       3696.4871      0.57192469
       3696.9871      0.57777184
       3697.4871      0.58374159
       3697.9871      0.58983372
       3698.4871      0.59604739
       3698.9871      0.60238242
       3699.4871      0.60883787
       3699.9871      0.61541207
       3700.4871      0.62210164
       3700.9871      0.62890667
       3701.4871      0.63582617
       3701.9871      0.64285681
       3702.4871      0.64999568
       3702.9871      0.65724012
       3703.4871      0.66458677
       3703.9871      0.67203339
       3704.4871      0.67957723
       3704.9871      0.68721494
       3705.4871      0.69494005
       3705.9871      0.70275488
       3706.4871      0.71065464
       3706.9871      0.71863324
       3707.4871      0.72668492
       3707.9871      0.73480546
       3708.4871      0.74298971
       3708.9871      0.75123337
       3709.4871      0.75953148
       3709.9871      0.76788013
       3710.4871      0.77627291
       3710.9871      0.78470429
       3711.4871      0.79317281
       3711.9871      0.80167017
       3712.4871      0.81019104
       3712.9871      0.81873001
       3713.4871      0.82728165
       3713.9871      0.83584013
       3714.4871      0.84439979
       3714.9871      0.85295498
       3715.4871      0.86149755
       3715.9871      0.87002722
       3716.4871      0.87853789
       3716.9871      0.88702302
       3717.4871      0.89547774
       3717.9871      0.90389634
       3718.4871      0.91227310
       3718.9871      0.92060217
       3719.4871      0.92887859
       3719.9871      0.93709526
       3720.4871      0.94524520
       3720.9871      0.95333135
       3721.4871      0.96134508
       3721.9871      0.96928205
       3722.4871      0.97713716
       3722.9871      0.98490647
       3723.4871      0.99258562
       3723.9871       1.0001705
       3724.4871       1.0076570
       3724.9871       1.0150402
       3725.4871       1.0223168
       3725.9871       1.0294860
       3726.4871       1.0365428
       3726.9871       1.0434830
       3727.4871       1.0503038
       3727.9871       1.0570022
       3728.4871       1.0635752
       3728.9871       1.0700196
       3729.4871       1.0763324
       3729.9871       1.0825090
       3730.4871       1.0885523
       3730.9871       1.0944581
       3731.4871       1.1002236
       3731.9871       1.1058472
       3732.4871       1.1113271
       3732.9871       1.1166589
       3733.4871       1.1218391
       3733.9871       1.1268688
       3734.4871       1.1317465
       3734.9871       1.1364693
       3735.4871       1.1410386
       3735.9871       1.1454523
       3736.4871       1.1497078
       3736.9871       1.1538038
       3737.4871       1.1577391
       3737.9871       1.1615120
       3738.4871       1.1651217
       3738.9871       1.1685664
       3739.4871       1.1718449
       3739.9871       1.1749569
       3740.4871       1.1779019
       3740.9871       1.1806780
       3741.4871       1.1832843
       3741.9871       1.1857194
       3742.4871       1.1879809
       3742.9871       1.1900684
       3743.4871       1.1919818
       3743.9871       1.1937185
       3744.4871       1.1952772
       3744.9871       1.1966582
       3745.4871       1.1978600
       3745.9871       1.1988813
       3746.4871       1.1997180
       3746.9871       1.2003684
       3747.4871       1.2008340
       3747.9871       1.2011157
       3748.4871       1.2012123
       3748.9871       1.2011228
       3749.4871       1.2008459
       3749.9871       1.2003809
       3750.4871       1.1997266
       3750.9871       1.1988827
       3751.4871       1.1978481
       3751.9871       1.1966226
       3752.4871       1.1952059
       3752.9871       1.1935973
       3753.4871       1.1917974
       3753.9871       1.1898050
       3754.4871       1.1876209
       3754.9871       1.1852441
       3755.4871       1.1826740
       3755.9871       1.1799107
       3756.4871       1.1769555
       3756.9871       1.1738074
       3757.4871       1.1704683
       3757.9871       1.1669398
       3758.4871       1.1632211
       3758.9871       1.1593132
       3759.4871       1.1552210
       3759.9871       1.1509352
       3760.4871       1.1464639
       3760.9871       1.1418090
       3761.4871       1.1369737
       3761.9871       1.1319593
       3762.4871       1.1267680
       3762.9871       1.1214027
       3763.4871       1.1158644
       3763.9871       1.1101582
       3764.4871       1.1042874
       3764.9871       1.0982522
       3765.4871       1.0920575
       3765.9871       1.0857078
       3766.4871       1.0792070
       3766.9871       1.0725589
       3767.4871       1.0657687
       3767.9871       1.0588399
       3768.4871       1.0517775
       3768.9871       1.0445887
       3769.4871       1.0372749
       3769.9871       1.0298409
       3770.4871       1.0222945
       3770.9871       1.0146398
       3771.4871       1.0068838
       3771.9871      0.99903287
       3772.4871      0.99109278
       3772.9871      0.98307061
       3773.4871      0.97497070
       3773.9871      0.96680644
       3774.4871      0.95857659
       3774.9871      0.95029166
       3775.4871      0.94195957
       3775.9871      0.93358723
       3776.4871      0.92518190
       3776.9871      0.91675117
       3777.4871      0.90830246
       3777.9871      0.89984353
       3778.4871      0.89138463
       3778.9871      0.88293316
       3779.4871      0.87449450
       3779.9871      0.86607914
       3780.4871      0.85769494
       3780.9871      0.84935023
       3781.4871      0.84105318
       3781.9871      0.83281191
       3782.4871      0.82463470
       3782.9871      0.81652968
       3783.4871      0.80850829
       3783.9871      0.80057348
       3784.4871      0.79273432
       3784.9871      0.78499960
       3785.4871      0.77737804
       3785.9871      0.76987745
       3786.4871      0.76250782
       3786.9871      0.75527872
       3787.4871      0.74819633
       3787.9871      0.74126826
       3788.4871      0.73450342
       3788.9871      0.72790400
       3789.4871      0.72148045
       3789.9871      0.71523946
       3790.4871      0.70918863
       3790.9871      0.70333450
       3791.4871      0.69768413
       3791.9871      0.69224371
       3792.4871      0.68701889
       3792.9871      0.68201537
       3793.4871      0.67724023
       3793.9871      0.67269810
       3794.4871      0.66839343
       3794.9871      0.66433253
       3795.4871      0.66052018
       3795.9871      0.65696083
       3796.4871      0.65365869
       3796.9871      0.65061823
       3797.4871      0.64784274
       3797.9871      0.64533564
       3798.4871      0.64310166
       3798.9871      0.64114146
       3799.4871      0.63945916
       3799.9871      0.63806358
       3800.4871      0.63695533
       3800.9871      0.63613335
       3801.4871      0.63559966
       3801.9871      0.63535557
       3802.4871      0.63540259
       3802.9871      0.63574019
       3803.4871      0.63636924
       3803.9871      0.63729096
       3804.4871      0.63850569
       3804.9871      0.64001321
       3805.4871      0.64181332
       3805.9871      0.64390585
       3806.4871      0.64628969
       3806.9871      0.64896401
       3807.4871      0.65192791
       3807.9871      0.65517906
       3808.4871      0.65871756
       3808.9871      0.66254243
       3809.4871      0.66665124
       3809.9871      0.67104164
       3810.4871      0.67571154
       3810.9871      0.68065846
       3811.4871      0.68587990
       3811.9871      0.69137387
       3812.4871      0.69713745
       3812.9871      0.70316513
       3813.4871      0.70946757
       3813.9871      0.71603120
       3814.4871      0.72285179
       3814.9871      0.72992574
       3815.4871      0.73725008
       3815.9871      0.74482104
       3816.4871      0.75263545
       3816.9871      0.76068920
       3817.4871      0.76897732
       3817.9871      0.77749588
       3818.4871      0.78624533
       3818.9871      0.79521853
       3819.4871      0.80441093
       3819.9871      0.81381825
       3820.4871      0.82343592
       3820.9871      0.83325973
       3821.4871      0.84328500
       3821.9871      0.85350742
       3822.4871      0.86391845
       3822.9871      0.87451874
       3823.4871      0.88530251
       3823.9871      0.89626284
       3824.4871      0.90739408
       3824.9871      0.91869021
       3825.4871      0.93014501
       3825.9871      0.94175186
       3826.4871      0.95350610
       3826.9871      0.96540251
       3827.4871      0.97742586
       3827.9871      0.98957998
       3828.4871       1.0018527
       3828.9871       1.0142363
       3829.4871       1.0267237
       3829.9871       1.0393061
       3830.4871       1.0519757
       3830.9871       1.0647228
       3831.4871       1.0775400
       3831.9871       1.0904183
       3832.4871       1.1033456
       3832.9871       1.1163136
       3833.4871       1.1293172
       3833.9871       1.1423442
       3834.4871       1.1553835
       3834.9871       1.1684245
       3835.4871       1.1814557
       3835.9871       1.1944659
       3836.4871       1.2074461
       3836.9871       1.2203829
       3837.4871       1.2332605
       3837.9871       1.2460752
       3838.4871       1.2588128
       3838.9871       1.2714578
       3839.4871       1.2839993
       3839.9871       1.2964211
       3840.4871       1.3087090
       3840.9871       1.3208529
       3841.4871       1.3328392
       3841.9871       1.3446538
       3842.4871       1.3562794
       3842.9871       1.3677117
       3843.4871       1.3789336
       3843.9871       1.3899306
       3844.4871       1.4006901
       3844.9871       1.4111980
       3845.4871       1.4214403
       3845.9871       1.4314046
       3846.4871       1.4410774
       3846.9871       1.4504429
       3847.4871       1.4594914
       3847.9871       1.4682121
       3848.4871       1.4765896
       3848.9871       1.4846125
       3849.4871       1.4922688
       3849.9871       1.4995480
       3850.4871       1.5064389
       3850.9871       1.5129301
       3851.4871       1.5190132
       3851.9871       1.5246759
       3852.4871       1.5299142
       3852.9871       1.5347159
       3853.4871       1.5390600
       3853.9871       1.5429463
       3854.4871       1.5463707
       3854.9871       1.5493279
       3855.4871       1.5518111
       3855.9871       1.5538154
       3856.4871       1.5553366
       3856.9871       1.5563701
       3857.4871       1.5569141
       3857.9871       1.5569646
       3858.4871       1.5565193
       3858.9871       1.5555759
       3859.4871       1.5541330
       3859.9871       1.5521915
       3860.4871       1.5497517
       3860.9871       1.5468154
       3861.4871       1.5433845
       3861.9871       1.5394613
       3862.4871       1.5350487
       3862.9871       1.5301502
       3863.4871       1.5247707
       3863.9871       1.5189167
       3864.4871       1.5125923
       3864.9871       1.5058053
       3865.4871       1.4985616
       3865.9871       1.4908699
       3866.4871       1.4827405
       3866.9871       1.4741617
       3867.4871       1.4651613
       3867.9871       1.4557499
       3868.4871       1.4459359
       3868.9871       1.4357316
       3869.4871       1.4251479
       3869.9871       1.4141959
       3870.4871       1.4028875
       3870.9871       1.3912379
       3871.4871       1.3792597
       3871.9871       1.3669600
       3872.4871       1.3543566
       3872.9871       1.3414629
       3873.4871       1.3282923
       3873.9871       1.3148592
       3874.4871       1.3011780
       3874.9871       1.2872628
       3875.4871       1.2731278
       3875.9871       1.2587892
       3876.4871       1.2442656
       3876.9871       1.2295634
       3877.4871       1.2147000
       3877.9871       1.1996920
       3878.4871       1.1845528
       3878.9871       1.1692988
       3879.4871       1.1539435
       3879.9871       1.1385006
       3880.4871       1.1229855
       3880.9871       1.1074140
       3881.4871       1.0918073
       3881.9871       1.0761651
       3882.4871       1.0605110
       3882.9871       1.0448568
       3883.4871       1.0292178
       3883.9871       1.0136067
       3884.4871      0.99803499
       3884.9871      0.98251603
       3885.4871      0.96706312
       3885.9871      0.95169208
       3886.4871      0.93641192
       3886.9871      0.92123025
       3887.4871      0.90616272
       3887.9871      0.89122047
       3888.4871      0.87641442
       3888.9871      0.86175496
       3889.4871      0.84725204
       3889.9871      0.83291539
       3890.4871      0.81875435
       3890.9871      0.80478493
       3891.4871      0.79100504
       3891.9871      0.77742702
       3892.4871      0.76406033
       3892.9871      0.75091239
       3893.4871      0.73799639
       3893.9871      0.72531709
       3894.4871      0.71287877
       3894.9871      0.70068794
       3895.4871      0.68875168
       3895.9871      0.67707824
       3896.4871      0.66566510
       3896.9871      0.65452132
       3897.4871      0.64365172
       3897.9871      0.63306086
       3898.4871      0.62275315
       3898.9871      0.61273225
       3899.4871      0.60300158
       3899.9871      0.59356415
       3900.4871      0.58442543
       3900.9871      0.57558503
       3901.4871      0.56704350
       3901.9871      0.55880479
       3902.4871      0.55087056
       3902.9871      0.54324182
       3903.4871      0.53591939
       3903.9871      0.52890426
       3904.4871      0.52219684
       3904.9871      0.51579716
       3905.4871      0.50970773
       3905.9871      0.50392338
       3906.4871      0.49844539
       3906.9871      0.49328252
       3907.4871      0.48842508
       3907.9871      0.48386980
       3908.4871      0.47961540
       3908.9871      0.47565948
       3909.4871      0.47199974
       3909.9871      0.46863413
       3910.4871      0.46556063
       3910.9871      0.46277459
       3911.4871      0.46027384
       3911.9871      0.45805517
       3912.4871      0.45611469
       3912.9871      0.45444849
       3913.4871      0.45305233
       3913.9871      0.45192205
       3914.4871      0.45105328
       3914.9871      0.45044127
       3915.4871      0.45008108
       3915.9871      0.44996774
       3916.4871      0.45009606
       3916.9871      0.45046074
       3917.4871      0.45105672
       3917.9871      0.45187866
       3918.4871      0.45292082
       3918.9871      0.45417773
       3919.4871      0.45564361
       3919.9871      0.45731352
       3920.4871      0.45918329
       3920.9871      0.46124287
       3921.4871      0.46348443
       3921.9871      0.46590116
       3922.4871      0.46848640
       3922.9871      0.47123333
       3923.4871      0.47413558
       3923.9871      0.47718608
       3924.4871      0.48037772
       3924.9871      0.48370253
       3925.4871      0.48715336
       3925.9871      0.49072471
       3926.4871      0.49440831
       3926.9871      0.49819668
       3927.4871      0.50208172
       3927.9871      0.50605573
       3928.4871      0.51011164
       3928.9871      0.51424223
       3929.4871      0.51844015
       3929.9871      0.52269632
       3930.4871      0.52700586
       3930.9871      0.53136034
       3931.4871      0.53575231
       3931.9871      0.54017402
       3932.4871      0.54461845
       3932.9871      0.54907814
       3933.4871      0.55354655
       3933.9871      0.55801518
       3934.4871      0.56247619
       3934.9871      0.56692057
       3935.4871      0.57134494
       3935.9871      0.57574042
       3936.4871      0.58010000
       3936.9871      0.58441733
       3937.4871      0.58868603
       3937.9871      0.59289943
       3938.4871      0.59705032
       3938.9871      0.60113197
       3939.4871      0.60513683
       3939.9871      0.60905955
       3940.4871      0.61289508
       3940.9871      0.61663640
       3941.4871      0.62027786
       3941.9871      0.62381373
       3942.4871      0.62723793
       3942.9871      0.63054431
       3943.4871      0.63372749
       3943.9871      0.63678216
       3944.4871      0.63970236
       3944.9871      0.64248532
       3945.4871      0.64512530
       3945.9871      0.64761716
       3946.4871      0.64995653
       3946.9871      0.65213478
       3947.4871      0.65415052
       3947.9871      0.65600130
       3948.4871      0.65768321
       3948.9871      0.65919249
       3949.4871      0.66052575
       3949.9871      0.66168026
       3950.4871      0.66265261
       3950.9871      0.66344042
       3951.4871      0.66404180
       3951.9871      0.66445453
       3952.4871      0.66467697
       3952.9871      0.66470737
       3953.4871      0.66454466
       3953.9871      0.66418791
       3954.4871      0.66363589
       3954.9871      0.66288802
       3955.4871      0.66194394
       3955.9871      0.66080422
       3956.4871      0.65946908
       3956.9871      0.65793905
       3957.4871      0.65621564
       3957.9871      0.65429964
       3958.4871      0.65219281
       3958.9871      0.64989687
       3959.4871      0.64741564
       3959.9871      0.64474915
       3960.4871      0.64189582
       3960.9871      0.63886417
       3961.4871      0.63565778
       3961.9871      0.63228034
       3962.4871      0.62873627
       3962.9871      0.62503001
       3963.4871      0.62116651
       3963.9871      0.61715163
       3964.4871      0.61299099
       3964.9871      0.60868766
       3965.4871      0.60424914
       3965.9871      0.59968127
       3966.4871      0.59499043
       3966.9871      0.59018316
       3967.4871      0.58526629
       3967.9871      0.58024730
       3968.4871      0.57513380
       3968.9871      0.56993459
       3969.4871      0.56465457
       3969.9871      0.55930139
       3970.4871      0.55388425
       3970.9871      0.54841126
       3971.4871      0.54289104
       3971.9871      0.53733154
       3972.4871      0.53174147
       3972.9871      0.52612915
       3973.4871      0.52050324
       3973.9871      0.51487535
       3974.4871      0.50924878
       3974.9871      0.50363517
       3975.4871      0.49804353
       3975.9871      0.49248206
       3976.4871      0.48695901
       3976.9871      0.48148270
       3977.4871      0.47606128
       3977.9871      0.47070276
       3978.4871      0.46541592
       3978.9871      0.46020820
       3979.4871      0.45508513
       3979.9871      0.45005584
       3980.4871      0.44512705
       3980.9871      0.44030537
       3981.4871      0.43559718
       3981.9871      0.43100884
       3982.4871      0.42654605
       3982.9871      0.42221470
       3983.4871      0.41802187
       3983.9871      0.41396991
       3984.4871      0.41006446
       3984.9871      0.40631024
       3985.4871      0.40271137
       3985.9871      0.39927139
       3986.4871      0.39599323
       3986.9871      0.39288351
       3987.4871      0.38994405
       3987.9871      0.38717508
       3988.4871      0.38457938
       3988.9871      0.38215587
       3989.4871      0.37990736
       3989.9871      0.37783419
       3990.4871      0.37593656
       3990.9871      0.37421451
       3991.4871      0.37266725
       3991.9871      0.37129353
       3992.4871      0.37009206
       3992.9871      0.36906120
       3993.4871      0.36819872
       3993.9871      0.36750216
       3994.4871      0.36696895
       3994.9871      0.36659578
       3995.4871      0.36637958
       3995.9871      0.36631700
       3996.4871      0.36640424
       3996.9871      0.36663729
       3997.4871      0.36701212
       3997.9871      0.36752398
       3998.4871      0.36816864
       3998.9871      0.36894062
       3999.4871      0.36983482
       3999.9871      0.37084571
       4000.4871      0.37197103
       4000.9871      0.37320165
       4001.4871      0.37453197
       4001.9871      0.37595664
       4002.4871      0.37746986
       4002.9871      0.37906552
       4003.4871      0.38073749
       4003.9871      0.38248069
       4004.4871      0.38428847
       4004.9871      0.38615472
       4005.4871      0.38807343
       4005.9871      0.39003893
       4006.4871      0.39204524
       4006.9871      0.39408669
       4007.4871      0.39615751
       4007.9871      0.39825158
       4008.4871      0.40036431
       4008.9871      0.40249089
       4009.4871      0.40462573
       4009.9871      0.40676381
       4010.4871      0.40890004
       4010.9871      0.41102992
       4011.4871      0.41314878
       4011.9871      0.41525231
       4012.4871      0.41733660
       4012.9871      0.41939658
       4013.4871      0.42143057
       4013.9871      0.42343341
       4014.4871      0.42540279
       4014.9871      0.42733590
       4015.4871      0.42923007
       4015.9871      0.43108304
       4016.4871      0.43289283
       4016.9871      0.43465758
       4017.4871      0.43637547
       4017.9871      0.43804538
       4018.4871      0.43966731
       4018.9871      0.44124041
       4019.4871      0.44276413
       4019.9871      0.44423787
       4020.4871      0.44566184
       4020.9871      0.44703635
       4021.4871      0.44836178
       4021.9871      0.44963906
       4022.4871      0.45086908
       4022.9871      0.45205424
       4023.4871      0.45319600
       4023.9871      0.45429581
       4024.4871      0.45535537
       4024.9871      0.45637694
       4025.4871      0.45736301
       4025.9871      0.45831648
       4026.4871      0.45924014
       4026.9871      0.46013617
       4027.4871      0.46100739
       4027.9871      0.46185826
       4028.4871      0.46269199
       4028.9871      0.46351185
       4029.4871      0.46432150
       4029.9871      0.46512523
       4030.4871      0.46592622
       4030.9871      0.46672838
       4031.4871      0.46753517
       4031.9871      0.46835011
       4032.4871      0.46917715
       4032.9871      0.47002051
       4033.4871      0.47088378
       4033.9871      0.47177076
       4034.4871      0.47268515
       4034.9871      0.47363053
       4035.4871      0.47460984
       4035.9871      0.47562635
       4036.4871      0.47668320
       4036.9871      0.47778278
       4037.4871      0.47892886
       4037.9871      0.48012389
       4038.4871      0.48137080
       4038.9871      0.48267193
       4039.4871      0.48402955
       4039.9871      0.48544562
       4040.4871      0.48692350
       4040.9871      0.48846308
       4041.4871      0.49006552
       4041.9871      0.49173139
       4042.4871      0.49346101
       4042.9871      0.49525641
       4043.4871      0.49711698
       4043.9871      0.49904289
       4044.4871      0.50103391
       4044.9871      0.50308891
       4045.4871      0.50520681
       4045.9871      0.50738635
       4046.4871      0.50962576
       4046.9871      0.51192282
       4047.4871      0.51427615
       4047.9871      0.51668436
       4048.4871      0.51914453
       4048.9871      0.52165387
       4049.4871      0.52420967
       4049.9871      0.52680855
       4050.4871      0.52944750
       4050.9871      0.53212215
       4051.4871      0.53482935
       4051.9871      0.53756368
       4052.4871      0.54032349
       4052.9871      0.54310385
       4053.4871      0.54589987
       4053.9871      0.54870723
       4054.4871      0.55152080
       4054.9871      0.55433566
       4055.4871      0.55714656
       4055.9871      0.55994893
       4056.4871      0.56273803
       4056.9871      0.56550829
       4057.4871      0.56825725
       4057.9871      0.57097936
       4058.4871      0.57366970
       4058.9871      0.57632314
       4059.4871      0.57893498
       4059.9871      0.58150035
       4060.4871      0.58401485
       4060.9871      0.58647424
       4061.4871      0.58887371
       4061.9871      0.59121083
       4062.4871      0.59348228
       4062.9871      0.59568383
       4063.4871      0.59781216
       4063.9871      0.59986414
       4064.4871      0.60183642
       4064.9871      0.60372668
       4065.4871      0.60553250
       4065.9871      0.60725152
       4066.4871      0.60888043
       4066.9871      0.61041840
       4067.4871      0.61186172
       4067.9871      0.61321160
       4068.4871      0.61446715
       4068.9871      0.61562824
       4069.4871      0.61669478
       4069.9871      0.61766674
       4070.4871      0.61854488
       4070.9871      0.61932969
       4071.4871      0.62002204
       4071.9871      0.62062317
       4072.4871      0.62113427
       4072.9871      0.62155697
       4073.4871      0.62189323
       4073.9871      0.62214532
       4074.4871      0.62231588
       4074.9871      0.62240779
       4075.4871      0.62242406
       4075.9871      0.62236815
       4076.4871      0.62224323
       4076.9871      0.62205278
       4077.4871      0.62180049
       4077.9871      0.62148982
       4078.4871      0.62112455
       4078.9871      0.62070893
       4079.4871      0.62024703
       4079.9871      0.61974351
       4080.4871      0.61920189
       4080.9871      0.61862753
       4081.4871      0.61802462
       4081.9871      0.61739761
       4082.4871      0.61675121
       4082.9871      0.61609006
       4083.4871      0.61541905
       4083.9871      0.61474233
       4084.4871      0.61406367
       4084.9871      0.61338710
       4085.4871      0.61271683
       4085.9871      0.61205679
       4086.4871      0.61141064
       4086.9871      0.61078230
       4087.4871      0.61017572
       4087.9871      0.60959428
       4088.4871      0.60904091
       4088.9871      0.60851824
       4089.4871      0.60802874
       4089.9871      0.60757502
       4090.4871      0.60715949
       4090.9871      0.60678434
       4091.4871      0.60645212
       4091.9871      0.60616446
       4092.4871      0.60592280
       4092.9871      0.60572808
       4093.4871      0.60558098
       4093.9871      0.60548355
       4094.4871      0.60543417
       4094.9871      0.60543294
       4095.4871      0.60547948
       4095.9871      0.60557311
       4096.4871      0.60571317
       4096.9871      0.60589812
       4097.4871      0.60612680
       4097.9871      0.60639717
       4098.4871      0.60670698
       4098.9871      0.60705466
       4099.4871      0.60743759
       4099.9871      0.60785238
       4100.4871      0.60829611
       4100.9871      0.60876569
       4101.4871      0.60925750
       4101.9871      0.60976813
       4102.4871      0.61029375
       4102.9871      0.61083034
       4103.4871      0.61137380
       4103.9871      0.61191981
       4104.4871      0.61246376
       4104.9871      0.61300109
       4105.4871      0.61352628
       4105.9871      0.61403461
       4106.4871      0.61452129
       4106.9871      0.61498104
       4107.4871      0.61540818
       4107.9871      0.61579812
       4108.4871      0.61614641
       4108.9871      0.61644761
       4109.4871      0.61669690
       4109.9871      0.61688969
       4110.4871      0.61702126
       4110.9871      0.61708708
       4111.4871      0.61708241
       4111.9871      0.61700342
       4112.4871      0.61684569
       4112.9871      0.61660518
       4113.4871      0.61627823
       4113.9871      0.61586069
       4114.4871      0.61534933
       4114.9871      0.61474105
       4115.4871      0.61403335
       4115.9871      0.61322362
       4116.4871      0.61231010
       4116.9871      0.61129065
       4117.4871      0.61016514
       4117.9871      0.60893031
       4118.4871      0.60758626
       4118.9871      0.60613264
       4119.4871      0.60456877
       4119.9871      0.60289485
       4120.4871      0.60111007
       4120.9871      0.59921578
       4121.4871      0.59721567
       4121.9871      0.59511184
       4122.4871      0.59290704
       4122.9871      0.59060394
       4123.4871      0.58820566
       4123.9871      0.58571580
       4124.4871      0.58313861
       4124.9871      0.58047845
       4125.4871      0.57774018
       4125.9871      0.57492915
       4126.4871      0.57205093
       4126.9871      0.56911163
       4127.4871      0.56611924
       4127.9871      0.56307878
       4128.4871      0.55999642
       4128.9871      0.55688082
       4129.4871      0.55373975
       4129.9871      0.55058108
       4130.4871      0.54741350
       4130.9871      0.54424522
       4131.4871      0.54108509
       4131.9871      0.53794158
       4132.4871      0.53482346
       4132.9871      0.53173990
       4133.4871      0.52869948
       4133.9871      0.52571307
       4134.4871      0.52278931
       4134.9871      0.51993735
       4135.4871      0.51716637
       4135.9871      0.51448582
       4136.4871      0.51190453
       4136.9871      0.50943211
       4137.4871      0.50707821
       4137.9871      0.50484852
       4138.4871      0.50275314
       4138.9871      0.50080039
       4139.4871      0.49899816
       4139.9871      0.49735408
       4140.4871      0.49587558
       4140.9871      0.49456964
       4141.4871      0.49344285
       4141.9871      0.49250172
       4142.4871      0.49175217
       4142.9871      0.49119947
       4143.4871      0.49084865
       4143.9871      0.49070378
       4144.4871      0.49076845
       4144.9871      0.49104540
       4145.4871      0.49153719
       4145.9871      0.49224608
       4146.4871      0.49317299
       4146.9871      0.49431842
       4147.4871      0.49569077
       4147.9871      0.49728187
       4148.4871      0.49909001
       4148.9871      0.50111337
       4149.4871      0.50334952
       4149.9871      0.50579516
       4150.4871      0.50844662
       4150.9871      0.51129956
       4151.4871      0.51434873
       4151.9871      0.51758847
       4152.4871      0.52101250
       4152.9871      0.52461408
       4153.4871      0.52838512
       4153.9871      0.53231777
       4154.4871      0.53640334
       4154.9871      0.54063268
       4155.4871      0.54499608
       4155.9871      0.54948351
       4156.4871      0.55408068
       4156.9871      0.55878155
       4157.4871      0.56357405
       4157.9871      0.56844475
       4158.4871      0.57338166
       4158.9871      0.57837205
       4159.4871      0.58340286
       4159.9871      0.58846109
       4160.4871      0.59353328
       4160.9871      0.59860538
       4161.4871      0.60366345
       4161.9871      0.60869375
       4162.4871      0.61368266
       4162.9871      0.61861694
       4163.4871      0.62348301
       4163.9871      0.62826753
       4164.4871      0.63295720
       4164.9871      0.63753893
       4165.4871      0.64199992
       4165.9871      0.64632745
       4166.4871      0.65050747
       4166.9871      0.65452969
       4167.4871      0.65838475
       4167.9871      0.66205933
       4168.4871      0.66554271
       4168.9871      0.66882458
       4169.4871      0.67189540
       4169.9871      0.67474591
       4170.4871      0.67736774
       4170.9871      0.67975287
       4171.4871      0.68189404
       4171.9871      0.68378474
       4172.4871      0.68541888
       4172.9871      0.68679132
       4173.4871      0.68789727
       4173.9871      0.68872669
       4174.4871      0.68927970
       4174.9871      0.68955718
       4175.4871      0.68955823
       4175.9871      0.68928236
       4176.4871      0.68873015
       4176.9871      0.68790156
       4177.4871      0.68679896
       4177.9871      0.68542473
       4178.4871      0.68378246
       4178.9871      0.68187606
       4179.4871      0.67971035
       4179.9871      0.67729101
       4180.4871      0.67462444
       4180.9871      0.67171750
       4181.4871      0.66857796
       4181.9871      0.66521421
       4182.4871      0.66163529
       4182.9871      0.65785090
       4183.4871      0.65387107
       4183.9871      0.64970664
       4184.4871      0.64536938
       4184.9871      0.64087057
       4185.4871      0.63622246
       4185.9871      0.63144250
       4186.4871      0.62653551
       4186.9871      0.62151818
       4187.4871      0.61640214
       4187.9871      0.61120485
       4188.4871      0.60594077
       4188.9871      0.60062457
       4189.4871      0.59527136
       4189.9871      0.58989579
       4190.4871      0.58451318
       4190.9871      0.57913854
       4191.4871      0.57378680
       4191.9871      0.56847317
       4192.4871      0.56321256
       4192.9871      0.55801978
       4193.4871      0.55290973
       4193.9871      0.54789718
       4194.4871      0.54299657
       4194.9871      0.53822215
       4195.4871      0.53359112
       4195.9871      0.52911268
       4196.4871      0.52479982
       4196.9871      0.52066726
       4197.4871      0.51672715
       4197.9871      0.51299193
       4198.4871      0.50947296
       4198.9871      0.50618180
       4199.4871      0.50312908
       4199.9871      0.50032578
       4200.4871      0.49778298
       4200.9871      0.49551600
       4201.4871      0.49352601
       4201.9871      0.49182138
       4202.4871      0.49040924
       4202.9871      0.48929641
       4203.4871      0.48848905
       4203.9871      0.48799275
       4204.4871      0.48781234
       4204.9871      0.48795215
       4205.4871      0.48841525
       4205.9871      0.48920508
       4206.4871      0.49032335
       4206.9871      0.49177141
       4207.4871      0.49355023
       4207.9871      0.49566001
       4208.4871      0.49810009
       4208.9871      0.50086952
       4209.4871      0.50396636
       4209.9871      0.50738816
       4210.4871      0.51113145
       4210.9871      0.51519213
       4211.4871      0.51956572
       4211.9871      0.52424697
       4212.4871      0.52923033
       4212.9871      0.53450939
       4213.4871      0.54007770
       4213.9871      0.54593264
       4214.4871      0.55206554
       4214.9871      0.55846211
       4215.4871      0.56510932
       4215.9871      0.57200805
       4216.4871      0.57914282
       4216.9871      0.58650347
       4217.4871      0.59407883
       4217.9871      0.60185776
       4218.4871      0.60982856
       4218.9871      0.61797941
       4219.4871      0.62629767
       4219.9871      0.63477124
       4220.4871      0.64338762
       4220.9871      0.65213378
       4221.4871      0.66099698
       4221.9871      0.66996369
       4222.4871      0.67902061
       4222.9871      0.68815411
       4223.4871      0.69735038
       4223.9871      0.70659578
       4224.4871      0.71587684
       4224.9871      0.72517251
       4225.4871      0.73448280
       4225.9871      0.74378992
       4226.4871      0.75307812
       4226.9871      0.76233540
       4227.4871      0.77154674
       4227.9871      0.78070027
       4228.4871      0.78978347
       4228.9871      0.79878436
       4229.4871      0.80769104
       4229.9871      0.81649170
       4230.4871      0.82517525
       4230.9871      0.83373072
       4231.4871      0.84214746
       4231.9871      0.85041537
       4232.4871      0.85852493
       4232.9871      0.86646677
       4233.4871      0.87423230
       4233.9871      0.88181338
       4234.4871      0.88919805
       4234.9871      0.89638384
       4235.4871      0.90336641
       4235.9871      0.91013603
       4236.4871      0.91668720
       4236.9871      0.92301476
       4237.4871      0.92911413
       4237.9871      0.93498146
       4238.4871      0.94061309
       4238.9871      0.94600578
       4239.4871      0.95115743
       4239.9871      0.95606536
       4240.4871      0.96072747
       4240.9871      0.96513586
       4241.4871      0.96929799
       4241.9871      0.97321370
       4242.4871      0.97688385
       4242.9871      0.98031003
       4243.4871      0.98349401
       4243.9871      0.98643733
       4244.4871      0.98914167
       4244.9871      0.99161338
       4245.4871      0.99385360
       4245.9871      0.99586626
       4246.4871      0.99765530
       4246.9871      0.99922534
       4247.4871       1.0005811
       4247.9871       1.0017280
       4248.4871       1.0026716
       4248.9871       1.0034173
       4249.4871       1.0501415
       4249.9871       1.1213551
       4250.4871       1.1259580
       4250.9871       1.1287914
       4251.4871       1.1316247
       4251.9871       1.1345629
       4252.4871       1.1375039
       4252.9871       1.1404449
       4253.4871       1.1434850
       4253.9871       1.1465276
       4254.4871       1.1495703
       4254.9871       1.1527068
       4255.4871       1.1558457
       4255.9871       1.1589847
       4256.4871       1.1622105
       4256.9871       1.1654385
       4257.4871       1.1686665
       4257.9871       1.1719734
       4258.4871       1.1752824
       4258.9871       1.1785913
       4259.4871       1.1819711
       4259.9871       1.1853528
       4260.4871       1.1887345
       4260.9871       1.1921772
       4261.4871       1.1956215
       4261.9871       1.1990658
       4262.4871       1.2025621
       4262.9871       1.2060598
       4263.4871       1.2095575
       4263.9871       1.2130961
       4264.4871       1.2166358
       4264.9871       1.2201755
       4265.4871       1.2237450
       4265.9871       1.2273153
       4266.4871       1.2308856
       4266.9871       1.2344738
       4267.4871       1.2380625
       4267.9871       1.2416512
       4268.4871       1.2452453
       4268.9871       1.2488397
       4269.4871       1.2524340
       4269.9871       1.2560205
       4270.4871       1.2596069
       4270.9871       1.2631932
       4271.4871       1.2667581
       4271.9871       1.2703224
       4272.4871       1.2738867
       4272.9871       1.2774160
       4273.4871       1.2809444
       4273.9871       1.2844727
       4274.4871       1.2879523
       4274.9871       1.2914307
       4275.4871       1.2949090
       4275.9871       1.2983246
       4276.4871       1.3017386
       4276.9871       1.3051526
       4277.4871       1.3084894
       4277.9871       1.3118241
       4278.4871       1.3151587
       4278.9871       1.3184028
       4279.4871       1.3216445
       4279.9871       1.3248861
       4280.4871       1.3280232
       4280.9871       1.3311576
       4281.4871       1.3342919
       4281.9871       1.3373083
       4282.4871       1.3403217
       4282.9871       1.3433350
       4283.4871       1.3462175
       4283.9871       1.3490965
       4284.4871       1.3519754
       4284.9871       1.3547109
       4285.4871       1.3574426
       4285.9871       1.3601743
       4286.4871       1.3627501
       4286.9871       1.3653218
       4287.4871       1.3678934
       4287.9871       1.3702979
       4288.4871       1.3726979
       4288.9871       1.3750979
       4289.4871       1.3773199
       4289.9871       1.3795373
       4290.4871       1.3817546
       4290.9871       1.3837846
       4291.4871       1.3858096
       4291.9871       1.3878346
       4292.4871       1.3896632
       4292.9871       1.3914865
       4293.4871       1.3933099
       4293.9871       1.3949302
       4294.4871       1.3965452
       4294.9871       1.3981601
       4295.4871       1.3995654
       4295.9871       1.4009651
       4296.4871       1.4023647
       4296.9871       1.4035504
       4297.4871       1.4047305
       4297.9871       1.4059105
       4298.4871       1.4068722
       4298.9871       1.4078282
       4299.4871       1.4087842
       4299.9871       1.4095197
       4300.4871       1.4102494
       4300.9871       1.4109791
       4301.4871       1.4114876
       4301.9871       1.4119903
       4302.4871       1.4124930
       4302.9871       1.4127745
       4303.4871       1.4130502
       4303.9871       1.4133259
       4304.4871       1.4133824
       4304.9871       1.4134331
       4305.4871       1.4134837
       4305.9871       1.4133181
       4306.4871       1.4131468
       4306.9871       1.4129755
       4307.4871       1.4125924
       4307.9871       1.4122038
       4308.4871       1.4118151
       4308.9871       1.4112205
       4309.4871       1.4106205
       4309.9871       1.4100205
       4310.4871       1.4092225
       4310.9871       1.4084191
       4311.4871       1.4076158
       4311.9871       1.4066222
       4312.4871       1.4056235
       4312.9871       1.4046248
       4313.4871       1.4034459
       4313.9871       1.4022622
       4314.4871       1.4010786
       4314.9871       1.3997254
       4315.4871       1.3983678
       4315.9871       1.3970102
       4316.4871       1.3954940
       4316.9871       1.3939737
       4317.4871       1.3924533
       4317.9871       1.3907878
       4318.4871       1.3891185
       4318.9871       1.3874492
       4319.4871       1.3856480
       4319.9871       1.3838434
       4320.4871       1.3820387
       4320.9871       1.3801161
       4321.4871       1.3781905
       4321.9871       1.3762648
       4322.4871       1.3742365
       4322.9871       1.3722055
       4323.4871       1.3701745
       4323.9871       1.3680562
       4324.4871       1.3659355
       4324.9871       1.3638149
       4325.4871       1.3616221
       4325.9871       1.3594274
       4326.4871       1.3572327
       4326.9871       1.3549822
       4327.4871       1.3527303
       4327.9871       1.3504783
       4328.4871       1.3481867
       4328.9871       1.3458940
       4329.4871       1.3436013
       4329.9871       1.3412849
       4330.4871       1.3389680
       4330.9871       1.3366510
       4331.4871       1.3343265
       4331.9871       1.3320018
       4332.4871       1.3296772
       4332.9871       1.3273606
       4333.4871       1.3250443
       4333.9871       1.3227279
       4334.4871       1.3204353
       4334.9871       1.3181433
       4335.4871       1.3158513
       4335.9871       1.3135976
       4336.4871       1.3113449
       4336.9871       1.3090923
       4337.4871       1.3068916
       4337.9871       1.3046922
       4338.4871       1.3024929
       4338.9871       1.3003598
       4339.4871       1.2982285
       4339.9871       1.2960971
       4340.4871       1.2940440
       4340.9871       1.2919931
       4341.4871       1.2899421
       4341.9871       1.2879817
       4342.4871       1.2860237
       4342.9871       1.2840657
       4343.4871       1.2822084
       4343.9871       1.2803537
       4344.4871       1.2784990
       4344.9871       1.2767547
       4345.4871       1.2750134
       4345.9871       1.2732720
       4346.4871       1.2716492
       4346.9871       1.2700296
       4347.4871       1.2684099
       4347.9871       1.2669166
       4348.4871       1.2654266
       4348.9871       1.2639366
       4349.4871       1.2625784
       4349.9871       1.2612238
       4350.4871       1.2598691
       4350.9871       1.2586511
       4351.4871       1.2574368
       4351.9871       1.2562224
       4352.4871       1.2551490
       4352.9871       1.2540794
       4353.4871       1.2530097
       4353.9871       1.2520829
       4354.4871       1.2511599
       4354.9871       1.2502369
       4355.4871       1.2494578
       4355.9871       1.2486824
       4356.4871       1.2479071
       4356.9871       1.2472759
       4357.4871       1.2466486
       4357.9871       1.2460213
       4358.4871       1.2455365
       4358.9871       1.2450555
       4359.4871       1.2445745
       4359.9871       1.2442337
       4360.4871       1.2438967
       4360.9871       1.2435597
       4361.4871       1.2433584
       4361.9871       1.2431608
       4362.4871       1.2429631
       4362.9871       1.2428963
       4363.4871       1.2428330
       4363.9871       1.2427697
       4364.4871       1.2428317
       4364.9871       1.2428970
       4365.4871       1.2429623
       4365.9871       1.2431458
       4366.4871       1.2433325
       4366.9871       1.2435191
       4367.4871       1.2438169
       4367.9871       1.2441175
       4368.4871       1.2444182
       4368.9871       1.2448215
       4369.4871       1.2452275
       4369.9871       1.2456335
       4370.4871       1.2461340
       4370.9871       1.2466370
       4371.4871       1.2471400
       4371.9871       1.2477281
       4372.4871       1.2483184
       4372.9871       1.2489087
       4373.4871       1.2495747
       4373.9871       1.2502427
       4374.4871       1.2509108
       4374.9871       1.2516443
       4375.4871       1.2523797
       4375.9871       1.2531150
       4376.4871       1.2539065
       4376.9871       1.2546995
       4377.4871       1.2554924
       4377.9871       1.2563312
       4378.4871       1.2571713
       4378.9871       1.2580113
       4379.4871       1.2588867
       4379.9871       1.2597630
       4380.4871       1.2606393
       4380.9871       1.2615416
       4381.4871       1.2624446
       4381.9871       1.2633476
       4382.4871       1.2642665
       4382.9871       1.2651859
       4383.4871       1.2661052
       4383.9871       1.2670320
       4384.4871       1.2679590
       4384.9871       1.2688861
       4385.4871       1.2698111
       4385.9871       1.2707361
       4386.4871       1.2716611
       4386.9871       1.2725763
       4387.4871       1.2734913
       4387.9871       1.2744064
       4388.4871       1.2753041
       4388.9871       1.2762015
       4389.4871       1.2770988
       4389.9871       1.2779718
       4390.4871       1.2788441
       4390.9871       1.2797164
       4391.4871       1.2805586
       4391.9871       1.2813999
       4392.4871       1.2822413
       4392.9871       1.2830465
       4393.4871       1.2838508
       4393.9871       1.2846551
       4394.4871       1.2854192
       4394.9871       1.2861822
       4395.4871       1.2869453
       4395.9871       1.2876651
       4396.4871       1.2883838
       4396.9871       1.2891024
       4397.4871       1.2897747
       4397.9871       1.2904456
       4398.4871       1.2911166
       4398.9871       1.2917406
       4399.4871       1.2923632
       4399.9871       1.2929859
       4400.4871       1.2935608
       4400.9871       1.2941345
       4401.4871       1.2947082
       4401.9871       1.2952344
       4402.4871       1.2957594
       4402.9871       1.2962844
       4403.4871       1.2967643
       4403.9871       1.2972430
       4404.4871       1.2977216
       4404.9871       1.2981574
       4405.4871       1.2985921
       4405.9871       1.2990268
       4406.4871       1.2994225
       4406.9871       1.2998172
       4407.4871       1.3002118
       4407.9871       1.3005717
       4408.4871       1.3009307
       4408.9871       1.3012897
       4409.4871       1.3016195
       4409.9871       1.3019485
       4410.4871       1.3022775
       4410.9871       1.3025835
       4411.4871       1.3028888
       4411.9871       1.3031941
       4412.4871       1.3034829
       4412.9871       1.3037712
       4413.4871       1.3040596
       4413.9871       1.3043381
       4414.4871       1.3046164
       4414.9871       1.3048948
       4415.4871       1.3051715
       4415.9871       1.3054482
       4416.4871       1.3057249
       4416.9871       1.3060087
       4417.4871       1.3062927
       4417.9871       1.3065767
       4418.4871       1.3068772
       4418.9871       1.3071782
       4419.4871       1.3074792
       4419.9871       1.3078062
       4420.4871       1.3081339
       4420.9871       1.3084615
       4421.4871       1.3088243
       4421.9871       1.3091879
       4422.4871       1.3095516
       4422.9871       1.3099604
       4423.4871       1.3103704
       4423.9871       1.3107804
       4424.4871       1.3112446
       4424.9871       1.3117103
       4425.4871       1.3121760
       4425.9871       1.3127063
       4426.4871       1.3132382
       4426.9871       1.3137702
       4427.4871       1.3143769
       4427.9871       1.3149856
       4428.4871       1.3155943
       4428.9871       1.3162871
       4429.4871       1.3169820
       4429.9871       1.3176770
       4430.4871       1.3184655
       4430.9871       1.3192565
       4431.4871       1.3200475
       4431.9871       1.3209408
       4432.4871       1.3218368
       4432.9871       1.3227329
       4433.4871       1.3237406
       4433.9871       1.3247512
       4434.4871       1.3257619
       4434.9871       1.3268923
       4435.4871       1.3280260
       4435.9871       1.3291596
       4436.4871       1.3304216
       4436.9871       1.3316869
       4437.4871       1.3329523
       4437.9871       1.3343533
       4438.4871       1.3357580
       4438.9871       1.3371626
       4439.4871       1.3387095
       4439.9871       1.3402602
       4440.4871       1.3418109
       4440.9871       1.3435099
       4441.4871       1.3452129
       4441.9871       1.3469159
       4442.4871       1.3487728
       4442.9871       1.3506338
       4443.4871       1.3524948
       4443.9871       1.3545149
       4444.4871       1.3565393
       4444.9871       1.3585636
       4445.4871       1.3607513
       4445.9871       1.3629433
       4446.4871       1.3651353
       4446.9871       1.3674939
       4447.4871       1.3698568
       4447.9871       1.3722198
       4448.4871       1.3747517
       4448.9871       1.3772880
       4449.4871       1.3798243
       4449.9871       1.3825321
       4450.4871       1.3852444
       4450.9871       1.3879568
       4451.4871       1.3908415
       4451.9871       1.3937309
       4452.4871       1.3966202
       4452.9871       1.3996823
       4453.4871       1.4027490
       4453.9871       1.4058156
       4454.4871       1.4090541
       4454.9871       1.4122971
       4455.4871       1.4155401
       4455.9871       1.4189532
       4456.4871       1.4223709
       4456.9871       1.4257885
       4457.4871       1.4293741
       4457.9871       1.4329641
       4458.4871       1.4365542
       4458.9871       1.4403088
       4459.4871       1.4440678
       4459.9871       1.4478267
       4460.4871       1.4517478
       4460.9871       1.4556731
       4461.4871       1.4595984
       4461.9871       1.4636806
       4462.4871       1.4677669
       4462.9871       1.4718532
       4463.4871       1.4760915
       4463.9871       1.4803339
       4464.4871       1.4845762
       4464.9871       1.4889653
       4465.4871       1.4933583
       4465.9871       1.4977513
       4466.4871       1.5022849
       4466.9871       1.5068222
       4467.4871       1.5113596
       4467.9871       1.5160300
       4468.4871       1.5207040
       4468.9871       1.5253780
       4469.4871       1.5301774
       4469.9871       1.5349800
       4470.4871       1.5397827
       4470.9871       1.5447029
       4471.4871       1.5496263
       4471.9871       1.5545496
       4472.4871       1.5595824
       4472.9871       1.5646180
       4473.4871       1.5696537
       4473.9871       1.5747891
       4474.4871       1.5799271
       4474.9871       1.5850651
       4475.4871       1.5902933
       4475.9871       1.5955240
       4476.4871       1.6007547
       4476.9871       1.6060659
       4477.4871       1.6113792
       4477.9871       1.6166925
       4478.4871       1.6220756
       4478.9871       1.6274606
       4479.4871       1.6328456
       4479.9871       1.6382904
       4480.4871       1.6437368
       4480.9871       1.6491831
       4481.4871       1.6546778
       4481.9871       1.6601738
       4482.4871       1.6656698
       4482.9871       1.6712038
       4483.4871       1.6767388
       4483.9871       1.6822738
       4484.4871       1.6878354
       4484.9871       1.6933977
       4485.4871       1.6989600
       4485.9871       1.7045373
       4486.4871       1.7101150
       4486.9871       1.7156927
       4487.4871       1.7212746
       4487.9871       1.7268566
       4488.4871       1.7324386
       4488.9871       1.7380128
       4489.4871       1.7435868
       4489.9871       1.7491608
       4490.4871       1.7547156
       4490.9871       1.7602699
       4491.4871       1.7658242
       4491.9871       1.7713484
       4492.4871       1.7768718
       4492.9871       1.7823951
       4493.4871       1.7878762
       4493.9871       1.7933562
       4494.4871       1.7988362
       4494.9871       1.8042645
       4495.4871       1.8096915
       4495.9871       1.8151185
       4496.4871       1.8204822
       4496.9871       1.8258442
       4497.4871       1.8312062
       4497.9871       1.8364952
       4498.4871       1.8417822
       4498.9871       1.8470692
       4499.4871       1.8522727
       4499.9871       1.8574741
       4500.4871       1.8626754
       4500.9871       1.8677832
       4501.4871       1.8728886
       4501.9871       1.8779939
       4502.4871       1.8829966
       4502.9871       1.8879966
       4503.4871       1.8929966
       4503.9871       1.8978846
       4504.4871       1.9027696
       4504.9871       1.9076546
       4505.4871       1.9124194
       4505.9871       1.9171811
       4506.4871       1.9219427
       4506.9871       1.9265759
       4507.4871       1.9312055
       4507.9871       1.9358352
       4508.4871       1.9403295
       4508.9871       1.9448201
       4509.4871       1.9493108
       4509.9871       1.9536592
       4510.4871       1.9580039
       4510.9871       1.9623486
       4511.4871       1.9665445
       4511.9871       1.9707365
       4512.4871       1.9749285
       4512.9871       1.9789659
       4513.4871       1.9829993
       4513.9871       1.9870326
       4514.4871       1.9909068
       4514.9871       1.9947768
       4515.4871       1.9986468
       4515.9871       2.0023539
       4516.4871       2.0060565
       4516.9871       2.0097592
       4517.4871       2.0132949
       4517.9871       2.0168262
       4518.4871       2.0203575
       4518.9871       2.0237181
       4519.4871       2.0270742
       4519.9871       2.0304303
       4520.4871       2.0336134
       4520.9871       2.0367920
       4521.4871       2.0399706
       4521.9871       2.0429733
       4522.4871       2.0459714
       4522.9871       2.0489694
       4523.4871       2.0517902
       4523.9871       2.0546062
       4524.4871       2.0574222
       4524.9871       2.0600593
       4525.4871       2.0626916
       4525.9871       2.0653239
       4526.4871       2.0677764
       4526.9871       2.0702240
       4527.4871       2.0726717
       4527.9871       2.0749385
       4528.4871       2.0772004
       4528.9871       2.0794624
       4529.4871       2.0815442
       4529.9871       2.0836212
       4530.4871       2.0856983
       4530.9871       2.0875944
       4531.4871       2.0894857
       4531.9871       2.0913770
       4532.4871       2.0930887
       4532.9871       2.0947957
       4533.4871       2.0965027
       4533.9871       2.0980305
       4534.4871       2.0995535
       4534.9871       2.1010765
       4535.4871       2.1024216
       4535.9871       2.1037620
       4536.4871       2.1051024
       4536.9871       2.1062655
       4537.4871       2.1074238
       4537.9871       2.1085821
       4538.4871       2.1095647
       4538.9871       2.1105427
       4539.4871       2.1115207
       4539.9871       2.1123244
       4540.4871       2.1131234
       4540.9871       2.1139224
       4541.4871       2.1145483
       4541.9871       2.1151697
       4542.4871       2.1157910
       4542.9871       2.1162418
       4543.4871       2.1166881
       4543.9871       2.1171345
       4544.4871       2.1174119
       4544.9871       2.1176849
       4545.4871       2.1179579
       4545.9871       2.1180647
       4546.4871       2.1181671
       4546.9871       2.1182694
       4547.4871       2.1182080
       4547.9871       2.1181423
       4548.4871       2.1180766
       4548.9871       2.1178499
       4549.4871       2.1176190
       4549.9871       2.1173880
       4550.4871       2.1169982
       4550.9871       2.1166042
       4551.4871       2.1162102
       4551.9871       2.1156597
       4552.4871       2.1151050
       4552.9871       2.1145504
       4553.4871       2.1138422
       4553.9871       2.1131299
       4554.4871       2.1124175
       4554.9871       2.1115542
       4555.4871       2.1106868
       4555.9871       2.1098194
       4556.4871       2.1088038
       4556.9871       2.1077841
       4557.4871       2.1067645
       4557.9871       2.1055993
       4558.4871       2.1044303
       4558.9871       2.1032612
       4559.4871       2.1019503
       4559.9871       2.1006357
       4560.4871       2.0993211
       4560.9871       2.0978678
       4561.4871       2.0964108
       4561.9871       2.0949538
       4562.4871       2.0933621
       4562.9871       2.0917667
       4563.4871       2.0901714
       4563.9871       2.0884448
       4564.4871       2.0867148
       4564.9871       2.0849847
       4565.4871       2.0831278
       4565.9871       2.0812675
       4566.4871       2.0794072
       4566.9871       2.0774244
       4567.4871       2.0754384
       4567.9871       2.0734524
       4568.4871       2.0713475
       4568.9871       2.0692395
       4569.4871       2.0671315
       4569.9871       2.0649089
       4570.4871       2.0626832
       4570.9871       2.0604576
       4571.4871       2.0581222
       4571.9871       2.0557839
       4572.4871       2.0534455
       4572.9871       2.0510023
       4573.4871       2.0485563
       4573.9871       2.0461103
       4574.4871       2.0435642
       4574.9871       2.0410155
       4575.4871       2.0384668
       4575.9871       2.0358234
       4576.4871       2.0331774
       4576.9871       2.0305315
       4577.4871       2.0277955
       4577.9871       2.0250572
       4578.4871       2.0223189
       4578.9871       2.0194955
       4579.4871       2.0166698
       4579.9871       2.0138442
       4580.4871       2.0109389
       4580.9871       2.0080316
       4581.4871       2.0051242
       4581.9871       2.0021419
       4582.4871       1.9991576
       4582.9871       1.9961732
       4583.4871       1.9931188
       4583.9871       1.9900625
       4584.4871       1.9870061
       4584.9871       1.9838842
       4585.4871       1.9807605
       4585.9871       1.9776368
       4586.4871       1.9744521
       4586.9871       1.9712658
       4587.4871       1.9680794
       4587.9871       1.9648366
       4588.4871       1.9615923
       4588.9871       1.9583480
       4589.4871       1.9550501
       4589.9871       1.9517507
       4590.4871       1.9484514
       4590.9871       1.9451027
       4591.4871       1.9417527
       4591.9871       1.9384027
       4592.4871       1.9350056
       4592.9871       1.9316073
       4593.4871       1.9282089
       4593.9871       1.9247661
       4594.4871       1.9213221
       4594.9871       1.9178781
       4595.4871       1.9143925
       4595.9871       1.9109059
       4596.4871       1.9074192
       4596.9871       1.9038920
       4597.4871       1.9003636
       4597.9871       1.8968353
       4598.4871       1.8932680
       4598.9871       1.8896997
       4599.4871       1.8861314
       4599.9871       1.8825234
       4600.4871       1.8789144
       4600.9871       1.8753054
       4601.4871       1.8716568
       4601.9871       1.8680071
       4602.4871       1.8643575
       4602.9871       1.8606669
       4603.4871       1.8569752
       4603.9871       1.8532836
       4604.4871       1.8495503
       4604.9871       1.8458160
       4605.4871       1.8420816
       4605.9871       1.8383028
       4606.4871       1.8345228
       4606.9871       1.8307428
       4607.4871       1.8269157
       4607.9871       1.8230874
       4608.4871       1.8192591
       4608.9871       1.8153801
       4609.4871       1.8114997
       4609.9871       1.8076194
       4610.4871       1.8036845
       4610.9871       1.7997482
       4611.4871       1.7958118
       4611.9871       1.7918164
       4612.4871       1.7878194
       4612.9871       1.7838224
       4613.4871       1.7797618
       4613.9871       1.7756995
       4614.4871       1.7716372
       4614.9871       1.7675057
       4615.4871       1.7633723
       4615.9871       1.7592390
       4616.4871       1.7550310
       4616.9871       1.7508210
       4617.4871       1.7466110
       4617.9871       1.7423204
       4618.4871       1.7380278
       4618.9871       1.7337351
       4619.4871       1.7293567
       4619.9871       1.7249760
       4620.4871       1.7205954
       4620.9871       1.7161228
       4621.4871       1.7116478
       4621.9871       1.7071728
       4622.4871       1.7025998
       4622.9871       1.6980241
       4623.4871       1.6934485
       4623.9871       1.6887695
       4624.4871       1.6840879
       4624.9871       1.6794062
       4625.4871       1.6746148
       4625.9871       1.6698204
       4626.4871       1.6650260
       4626.9871       1.6601171
       4627.4871       1.6552051
       4627.9871       1.6502932
       4628.4871       1.6452604
       4628.9871       1.6402244
       4629.4871       1.6351884
       4629.9871       1.6300270
       4630.4871       1.6248624
       4630.9871       1.6196977
       4631.4871       1.6144028
       4631.9871       1.6091045
       4632.4871       1.6038062
       4632.9871       1.5983741
       4633.4871       1.5929384
       4633.9871       1.5875027
       4634.4871       1.5819303
       4634.9871       1.5763543
       4635.4871       1.5707783
       4635.9871       1.5650624
       4636.4871       1.5593427
       4636.9871       1.5536230
       4637.4871       1.5477621
       4637.9871       1.5418975
       4638.4871       1.5360328
       4638.9871       1.5300266
       4639.4871       1.5240165
       4639.9871       1.5180065
       4640.4871       1.5118543
       4640.9871       1.5056983
       4641.4871       1.4995423
       4641.9871       1.4932454
       4642.4871       1.4869447
       4642.9871       1.4806441
       4643.4871       1.4742044
       4643.9871       1.4677611
       4644.4871       1.4613178
       4644.9871       1.4547374
       4645.4871       1.4481534
       4645.9871       1.4415694
       4646.4871       1.4348529
       4646.9871       1.4281329
       4647.4871       1.4214129
       4647.9871       1.4145647
       4648.4871       1.4077130
       4648.9871       1.4008613
       4649.4871       1.3938869
       4649.9871       1.3869092
       4650.4871       1.3799315
       4650.9871       1.3728376
       4651.4871       1.3657406
       4651.9871       1.3586436
       4652.4871       1.3514375
       4652.9871       1.3442285
       4653.4871       1.3370196
       4653.9871       1.3297092
       4654.4871       1.3223962
       4654.9871       1.3150832
       4655.4871       1.3076783
       4655.9871       1.3002710
       4656.4871       1.2928637
       4656.9871       1.2853729
       4657.4871       1.2778799
       4657.9871       1.2703869
       4658.4871       1.2628215
       4658.9871       1.2552542
       4659.4871       1.2476868
       4659.9871       1.2400572
       4660.4871       1.2324258
       4660.9871       1.2247945
       4661.4871       1.2171125
       4661.9871       1.2094292
       4662.4871       1.2017459
       4662.9871       1.1940229
       4663.4871       1.1862989
       4663.9871       1.1785749
       4664.4871       1.1708239
       4664.9871       1.1630723
       4665.4871       1.1553206
       4665.9871       1.1475547
       4666.4871       1.1397883
       4666.9871       1.1320220
       4667.4871       1.1242531
       4667.9871       1.1164840
       4668.4871       1.1087150
       4668.9871       1.1009570
       4669.4871       1.0931994
       4669.9871       1.0854417
       4670.4871       1.0777071
       4670.9871       1.0699731
       4671.4871       1.0622392
       4671.9871       1.0545409
       4672.4871       1.0468435
       4672.9871       1.0391462
       4673.4871       1.0314976
       4673.9871       1.0238503
       4674.4871       1.0162029
       4674.9871       1.0086159
       4675.4871       1.0010304
       4675.9871      0.99344489
       4676.4871      0.98593175
       4676.9871      0.97842053
       4677.4871      0.97090931
       4677.9871      0.96348174
       4678.4871      0.95605639
       4678.9871      0.94863104
       4679.4871      0.94130014
       4679.9871      0.93397175
       4680.4871      0.92664336
       4680.9871      0.91942014
       4681.4871      0.91219971
       4681.9871      0.90497928
       4682.4871      0.89787376
       4682.9871      0.89077129
       4683.4871      0.88366882
       4683.9871      0.87669003
       4684.4871      0.86971451
       4684.9871      0.86273900
       4685.4871      0.85589543
       4685.9871      0.84905536
       4686.4871      0.84221529
       4686.9871      0.83551459
       4687.4871      0.82881759
       4687.9871      0.82212059
       4688.4871      0.81556975
       4688.9871      0.80902280
       4689.4871      0.80247584
       4689.9871      0.79608080
       4690.4871      0.78968979
       4690.9871      0.78329878
       4691.4871      0.77706456
       4691.9871      0.77083450
       4692.4871      0.76460445
       4692.9871      0.75853516
       4693.4871      0.75247015
       4693.9871      0.74640514
       4694.4871      0.74050381
       4694.9871      0.73460682
       4695.4871      0.72870984
       4695.9871      0.72297870
       4696.4871      0.71725196
       4696.9871      0.71152523
       4697.4871      0.70596561
       4697.9871      0.70041044
       4698.4871      0.69485527
       4698.9871      0.68946801
       4699.4871      0.68408521
       4699.9871      0.67870242
       4700.4871      0.67348719
       4700.9871      0.66827641
       4701.4871      0.66306564
       4701.9871      0.65802157
       4702.4871      0.65298194
       4702.9871      0.64794231
       4703.4871      0.64306779
       4703.9871      0.63819765
       4704.4871      0.63332751
       4704.9871      0.62862022
       4705.4871      0.62391726
       4705.9871      0.61921429
       4706.4871      0.61467150
       4706.9871      0.61013296
       4707.4871      0.60559443
       4707.9871      0.60121270
       4708.4871      0.59683513
       4708.9871      0.59245757
       4709.4871      0.58823302
       4709.9871      0.58401253
       4710.4871      0.57979205
       4710.9871      0.57572051
       4711.4871      0.57165293
       4711.9871      0.56758535
       4712.4871      0.56366250
       4712.9871      0.55974350
       4713.4871      0.55582449
       4713.9871      0.55204580
       4714.4871      0.54827084
       4714.9871      0.54449588
       4715.4871      0.54085657
       4715.9871      0.53722087
       4716.4871      0.53358516
       4716.9871      0.53008029
       4717.4871      0.52657890
       4717.9871      0.52307750
       4718.4871      0.51970169
       4718.9871      0.51632922
       4719.4871      0.51295675
       4719.9871      0.50970496
       4720.4871      0.50645636
       4720.9871      0.50320777
       4721.4871      0.50007496
       4721.9871      0.49694523
       4722.4871      0.49381550
       4722.9871      0.49079685
       4723.4871      0.48778114
       4723.9871      0.48476543
       4724.4871      0.48185634
       4724.9871      0.47895007
       4725.4871      0.47604381
       4725.9871      0.47324002
       4726.4871      0.47043895
       4726.9871      0.46763788
       4727.4871      0.46493533
       4727.9871      0.46223540
       4728.4871      0.45953546
       4728.9871      0.45693047
       4729.4871      0.45432801
       4729.9871      0.45172554
       4730.4871      0.44921474
       4730.9871      0.44670638
       4731.4871      0.44419802
       4731.9871      0.44177839
       4732.4871      0.43936113
       4732.9871      0.43694386
       4733.4871      0.43461303
       4733.9871      0.43228449
       4734.4871      0.42995596
       4734.9871      0.42771185
       4735.4871      0.42546998
       4735.9871      0.42322811
       4736.4871      0.42106882
       4736.9871      0.41891173
       4737.4871      0.41675464
       4737.9871      0.41467868
       4738.4871      0.41260487
       4738.9871      0.41053107
       4739.4871      0.40853721
       4739.9871      0.40654549
       4740.4871      0.40455376
       4740.9871      0.40264121
       4741.4871      0.40073078
       4741.9871      0.39882034
       4742.4871      0.39698861
       4742.9871      0.39515898
       4743.4871      0.39332935
       4743.9871      0.39157836
       4744.4871      0.38982946
       4744.9871      0.38808056
       4745.4871      0.38641023
       4745.9871      0.38474200
       4746.4871      0.38307377
       4746.9871      0.38148444
       4747.4871      0.37989721
       4747.9871      0.37830997
       4748.4871      0.37680233
       4748.9871      0.37529679
       4749.4871      0.37379126
       4749.9871      0.37236590
       4750.4871      0.37094267
       4750.9871      0.36951944
       4751.4871      0.36817680
       4751.9871      0.36683630
       4752.4871      0.36549580
       4752.9871      0.36423657
       4753.4871      0.36297950
       4753.9871      0.36172243
       4754.4871      0.36054703
       4754.9871      0.35937380
       4755.4871      0.35820057
       4755.9871      0.35710965
       4756.4871      0.35602091
       4756.9871      0.35493217
       4757.4871      0.35392621
       4757.9871      0.35292245
       4758.4871      0.35191869
       4758.9871      0.35099804
       4759.4871      0.35007960
       4759.9871      0.34916116
       4760.4871      0.34832632
       4760.9871      0.34749369
       4761.4871      0.34666106
       4761.9871      0.34591210
       4762.4871      0.34516536
       4762.9871      0.34441863
       4763.4871      0.34375540
       4763.9871      0.34309440
       4764.4871      0.34243339
       4764.9871      0.34185552
       4765.4871      0.34127986
       4765.9871      0.34070420
       4766.4871      0.34021074
       4766.9871      0.33971947
       4767.4871      0.33922820
       4767.9871      0.33881815
       4768.4871      0.33841025
       4768.9871      0.33800236
       4769.4871      0.33767434
       4769.9871      0.33734844
       4770.4871      0.33702254
       4770.9871      0.33677509
       4771.4871      0.33652971
       4771.9871      0.33628434
       4772.4871      0.33611571
       4772.9871      0.33594911
       4773.4871      0.33578252
       4773.9871      0.33569053
       4774.4871      0.33560053
       4774.9871      0.33551053
       4775.4871      0.33549327
       4775.9871      0.33547794
       4776.4871      0.33546261
       4776.9871      0.33551751
       4777.4871      0.33557427
       4777.9871      0.33563103
       4778.4871      0.33575557
       4778.9871      0.33588190
       4779.4871      0.33600823
       4779.9871      0.33619957
       4780.4871      0.33639264
       4780.9871      0.33658571
       4781.4871      0.33684086
       4781.9871      0.33709766
       4782.4871      0.33735445
       4782.9871      0.33767044
       4783.4871      0.33798801
       4783.9871      0.33830557
       4784.4871      0.33867951
       4784.9871      0.33905495
       4785.4871      0.33943039
       4785.9871      0.33985950
       4786.4871      0.34029003
       4786.9871      0.34072057
       4787.4871      0.34120198
       4787.9871      0.34168475
       4788.4871      0.34216752
       4788.9871      0.34269833
       4789.4871      0.34323043
       4789.9871      0.34376252
       4790.4871      0.34433991
       4790.9871      0.34491852
       4791.4871      0.34549712
       4791.9871      0.34611813
       4792.4871      0.34674026
       4792.9871      0.34736239
       4793.4871      0.34802411
       4793.9871      0.34868689
       4794.4871      0.34934966
       4794.9871      0.35004911
       4795.4871      0.35074954
       4795.9871      0.35144996
       4796.4871      0.35218465
       4796.9871      0.35292025
       4797.4871      0.35365585
       4797.9871      0.35442367
       4798.4871      0.35519234
       4798.9871      0.35596101
       4799.4871      0.35676016
       4799.9871      0.35756013
       4800.4871      0.35836009
       4800.9871      0.35918909
       4801.4871      0.36001885
       4801.9871      0.36084862
       4802.4871      0.36170579
       4802.9871      0.36256369
       4803.4871      0.36342159
       4803.9871      0.36430560
       4804.4871      0.36519030
       4804.9871      0.36607500
       4805.4871      0.36698594
       4805.9871      0.36789757
       4806.4871      0.36880920
       4806.9871      0.36974692
       4807.4871      0.37068532
       4807.9871      0.37162373
       4808.4871      0.37258840
       4808.9871      0.37355376
       4809.4871      0.37451913
       4809.9871      0.37551145
       4810.4871      0.37650448
       4810.9871      0.37749752
       4811.4871      0.37851827
       4811.9871      0.37953977
       4812.4871      0.38056126
       4812.9871      0.38161202
       4813.4871      0.38266355
       4813.9871      0.38371509
       4814.4871      0.38479796
       4814.9871      0.38588166
       4815.4871      0.38696536
       4815.9871      0.38808273
       4816.4871      0.38920099
       4816.9871      0.39031926
       4817.4871      0.39147386
       4817.9871      0.39262942
       4818.4871      0.39378499
       4818.9871      0.39497998
       4819.4871      0.39617601
       4819.9871      0.39737205
       4820.4871      0.39861100
       4820.9871      0.39985110
       4821.4871      0.40109119
       4821.9871      0.40237789
       4822.4871      0.40366583
       4822.9871      0.40495377
       4823.4871      0.40629242
       4823.9871      0.40763242
       4824.4871      0.40897242
       4824.9871      0.41036750
       4825.4871      0.41176404
       4825.9871      0.41316057
       4826.4871      0.41461688
       4826.9871      0.41607478
       4827.4871      0.41753268
       4827.9871      0.41905572
       4828.4871      0.42058049
       4828.9871      0.42210525
       4829.4871      0.42370035
       4829.9871      0.42529732
       4830.4871      0.42689429
       4830.9871      0.42856697
       4831.4871      0.43024166
       4831.9871      0.43191635
       4832.4871      0.43367243
       4832.9871      0.43543066
       4833.4871      0.43718890
       4833.9871      0.43903409
       4834.4871      0.44088158
       4834.9871      0.44272908
       4835.4871      0.44466919
       4835.9871      0.44661177
       4836.4871      0.44855434
       4836.9871      0.45059539
       4837.4871      0.45263905
       4837.9871      0.45468272
       4838.4871      0.45683049
       4838.9871      0.45898102
       4839.4871      0.46113156
       4839.9871      0.46339200
       4840.4871      0.46565535
       4840.9871      0.46791871
       4841.4871      0.47029764
       4841.9871      0.47267964
       4842.4871      0.47506164
       4842.9871      0.47756463
       4843.4871      0.48007084
       4843.9871      0.48257705
       4844.4871      0.48520939
       4844.9871      0.48784509
       4845.4871      0.49048079
       4845.9871      0.49324747
       4846.4871      0.49601764
       4846.9871      0.49878781
       4847.4871      0.50169344
       4847.9871      0.50460267
       4848.4871      0.50751191
       4848.9871      0.51056110
       4849.4871      0.51361401
       4849.9871      0.51666692
       4850.4871      0.51986353
       4850.9871      0.52306396
       4851.4871      0.52626440
       4851.9871      0.52961198
       4852.4871      0.53296347
       4852.9871      0.53631496
       4853.4871      0.53981630
       4853.9871      0.54332163
       4854.4871      0.54682696
       4854.9871      0.55048416
       4855.4871      0.55414540
       4855.9871      0.55780663
       4856.4871      0.56162142
       4856.9871      0.56544029
       4857.4871      0.56925916
       4857.9871      0.57323263
       4858.4871      0.57721021
       4858.9871      0.58118779
       4859.4871      0.58532016
       4859.9871      0.58945664
       4860.4871      0.59359312
       4860.9871      0.59788393
       4861.4871      0.60217885
       4861.9871      0.60647376
       4862.4871      0.61092153
       4862.9871      0.61537336
       4863.4871      0.61982519
       4863.9871      0.62442760
       4864.4871      0.62903400
       4864.9871      0.63364041
       4865.4871      0.63839431
       4865.9871      0.64315213
       4866.4871      0.64790996
       4866.9871      0.65281125
       4867.4871      0.65771635
       4867.9871      0.66262146
       4868.4871      0.66766483
       4868.9871      0.67271187
       4869.4871      0.67775891
       4869.9871      0.68293778
       4870.4871      0.68812014
       4870.9871      0.69330251
       4871.4871      0.69860988
       4871.9871      0.70392058
       4872.4871      0.70923127
       4872.9871      0.71465863
       4873.4871      0.72008909
       4873.9871      0.72551955
       4874.4871      0.73105774
       4874.9871      0.73659878
       4875.4871      0.74213983
       4875.9871      0.74777883
       4876.4871      0.75342043
       4876.9871      0.75906203
       4877.4871      0.76479027
       4877.9871      0.77052082
       4878.4871      0.77625137
       4878.9871      0.78205667
       4879.4871      0.78786395
       4879.9871      0.79367123
       4880.4871      0.79954029
       4880.9871      0.80541099
       4881.4871      0.81128169
       4881.9871      0.81720058
       4882.4871      0.82312075
       4882.9871      0.82904092
       4883.4871      0.83499481
       4883.9871      0.84094959
       4884.4871      0.84690437
       4884.9871      0.85287733
       4885.4871      0.85885077
       4885.9871      0.86482420
       4886.4871      0.87079995
       4886.9871      0.87677575
       4887.4871      0.88275155
       4887.9871      0.88871307
       4888.4871      0.89467421
       4888.9871      0.90063535
       4889.4871      0.90656492
       4889.9871      0.91249366
       4890.4871      0.91842239
       4890.9871      0.92430193
       4891.4871      0.93018016
       4891.9871      0.93605839
       4892.4871      0.94186917
       4892.9871      0.94767816
       4893.4871      0.95348715
       4893.9871      0.95921108
       4894.4871      0.96493275
       4894.9871      0.97065442
       4895.4871      0.97627331
       4895.9871      0.98188948
       4896.4871      0.98750565
       4896.9871      0.99300118
       4897.4871      0.99849351
       4897.9871       1.0039858
       4898.4871       1.0093402
       4898.9871       1.0146908
       4899.4871       1.0200415
       4899.9871       1.0252367
       4900.4871       1.0304277
       4900.9871       1.0356187
       4901.4871       1.0406372
       4901.9871       1.0456512
       4902.4871       1.0506652
       4902.9871       1.0554906
       4903.4871       1.0603109
       4903.9871       1.0651313
       4904.4871       1.0697480
       4904.9871       1.0743593
       4905.4871       1.0789707
       4905.9871       1.0833641
       4906.4871       1.0877518
       4906.9871       1.0921394
       4907.4871       1.0962959
       4907.9871       1.1004463
       4908.4871       1.1045966
       4908.9871       1.1085044
       4909.4871       1.1124057
       4909.9871       1.1163070
       4910.4871       1.1199548
       4910.9871       1.1235958
       4911.4871       1.1272368
       4911.9871       1.1306154
       4912.4871       1.1339871
       4912.9871       1.1373588
       4913.4871       1.1404606
       4913.9871       1.1435552
       4914.4871       1.1466499
       4914.9871       1.1494692
       4915.4871       1.1522812
       4915.9871       1.1550933
       4916.4871       1.1576253
       4916.9871       1.1601500
       4917.4871       1.1626747
       4917.9871       1.1649175
       4918.4871       1.1671528
       4918.9871       1.1693881
       4919.4871       1.1713416
       4919.9871       1.1732877
       4920.4871       1.1752337
       4920.9871       1.1768991
       4921.4871       1.1785571
       4921.9871       1.1802151
       4922.4871       1.1815965
       4922.9871       1.1829705
       4923.4871       1.1843445
       4923.9871       1.1854474
       4924.4871       1.1865430
       4924.9871       1.1876387
       4925.4871       1.1884707
       4925.9871       1.1892957
       4926.4871       1.1901207
       4926.9871       1.1906911
       4927.4871       1.1912548
       4927.9871       1.1918184
       4928.4871       1.1921392
       4928.9871       1.1924535
       4929.4871       1.1927678
       4929.9871       1.1928516
       4930.4871       1.1929293
       4930.9871       1.1930070
       4931.4871       1.1928697
       4931.9871       1.1927267
       4932.4871       1.1925837
       4932.9871       1.1922413
       4933.4871       1.1918937
       4933.9871       1.1915460
       4934.4871       1.1910165
       4934.9871       1.1904822
       4935.4871       1.1899478
       4935.9871       1.1892502
       4936.4871       1.1885481
       4936.9871       1.1878461
       4937.4871       1.1870009
       4937.9871       1.1861520
       4938.4871       1.1853030
       4938.9871       1.1843322
       4939.4871       1.1833582
       4939.9871       1.1823842
       4940.4871       1.1813089
       4940.9871       1.1802309
       4941.4871       1.1791528
       4941.9871       1.1779960
       4942.4871       1.1768370
       4942.9871       1.1756780
       4943.4871       1.1744622
       4943.9871       1.1732448
       4944.4871       1.1720275
       4944.9871       1.1707761
       4945.4871       1.1695237
       4945.9871       1.1682714
       4946.4871       1.1670067
       4946.9871       1.1657417
       4947.4871       1.1644767
       4947.9871       1.1632221
       4948.4871       1.1619678
       4948.9871       1.1607135
       4949.4871       1.1594903
       4949.9871       1.1582680
       4950.4871       1.1570456
       4950.9871       1.1558759
       4951.4871       1.1547076
       4951.9871       1.1535393
       4952.4871       1.1524427
       4952.9871       1.1513480
       4953.4871       1.1502534
       4953.9871       1.1492499
       4954.4871       1.1482489
       4954.9871       1.1472479
       4955.4871       1.1463547
       4955.9871       1.1454644
       4956.4871       1.1445741
       4956.9871       1.1438078
       4957.4871       1.1430447
       4957.9871       1.1422817
       4958.4871       1.1416571
       4958.9871       1.1410361
       4959.4871       1.1404151
       4959.9871       1.1399447
       4960.4871       1.1394784
       4960.9871       1.1390121
       4961.4871       1.1387065
       4961.9871       1.1384051
       4962.4871       1.1381038
       4962.9871       1.1379729
       4963.4871       1.1378466
       4963.9871       1.1377203
       4964.4871       1.1377696
       4964.9871       1.1378236
       4965.4871       1.1378776
       4965.9871       1.1381118
       4966.4871       1.1383509
       4966.9871       1.1385899
       4967.4871       1.1390114
       4967.9871       1.1394377
       4968.4871       1.1398640
       4968.9871       1.1404722
       4969.4871       1.1410851
       4969.9871       1.1416981
       4970.4871       1.1424903
       4970.9871       1.1432873
       4971.4871       1.1440843
       4971.9871       1.1450561
       4972.4871       1.1460324
       4972.9871       1.1470088
       4973.4871       1.1481523
       4973.9871       1.1493003
       4974.4871       1.1504483
       4974.9871       1.1517544
       4975.4871       1.1530648
       4975.9871       1.1543751
       4976.4871       1.1558322
       4976.9871       1.1572932
       4977.4871       1.1587542
       4977.9871       1.1603490
       4978.4871       1.1619473
       4978.9871       1.1635456
       4979.4871       1.1652628
       4979.9871       1.1669832
       4980.4871       1.1687035
       4980.9871       1.1705251
       4981.4871       1.1723495
       4981.9871       1.1741738
       4982.4871       1.1760813
       4982.9871       1.1779909
       4983.4871       1.1799006
       4983.9871       1.1818739
       4984.4871       1.1838489
       4984.9871       1.1858239
       4985.4871       1.1878412
       4985.9871       1.1898595
       4986.4871       1.1918778
       4986.9871       1.1939159
       4987.4871       1.1959546
       4987.9871       1.1979932
       4988.4871       1.2000300
       4988.9871       1.2020666
       4989.4871       1.2041033
       4989.9871       1.2061140
       4990.4871       1.2081240
       4990.9871       1.2101340
       4991.4871       1.2120943
       4991.9871       1.2140533
       4992.4871       1.2160123
       4992.9871       1.2178976
       4993.4871       1.2197809
       4993.9871       1.2216642
       4994.4871       1.2234498
       4994.9871       1.2252328
       4995.4871       1.2270158
       4995.9871       1.2286774
       4996.4871       1.2303357
       4996.9871       1.2319940
       4997.4871       1.2335079
       4997.9871       1.2350179
       4998.4871       1.2365279
       4998.9871       1.2378707
       4999.4871       1.2392090
       4999.9871       1.2405474
       5000.4871       1.2416971
       5000.9871       1.2428417
       5001.4871       1.2439864
       5001.9871       1.2449220
       5002.4871       1.2458520
       5002.9871       1.2467820
       5003.4871       1.2474833
       5003.9871       1.2481786
       5004.4871       1.2488740
       5004.9871       1.2493235
       5005.4871       1.2497665
       5005.9871       1.2502095
       5006.4871       1.2503902
       5006.9871       1.2505638
       5007.4871       1.2507375
       5007.9871       1.2506345
       5008.4871       1.2505242
       5008.9871       1.2504139
       5009.4871       1.2500145
       5009.9871       1.2496075
       5010.4871       1.2492005
       5010.9871       1.2484941
       5011.4871       1.2477798
       5011.9871       1.2470654
       5012.4871       1.2460430
       5012.9871       1.2450123
       5013.4871       1.2439817
       5013.9871       1.2426374
       5014.4871       1.2412847
       5014.9871       1.2399320
       5015.4871       1.2382608
       5015.9871       1.2365812
       5016.4871       1.2349015
       5016.9871       1.2329020
       5017.4871       1.2308940
       5017.9871       1.2288860
       5018.4871       1.2265588
       5018.9871       1.2242231
       5019.4871       1.2218875
       5019.9871       1.2192349
       5020.4871       1.2165738
       5020.9871       1.2139128
       5021.4871       1.2109401
       5021.9871       1.2079591
       5022.4871       1.2049781
       5022.9871       1.2016922
       5023.4871       1.1983982
       5023.9871       1.1951043
       5024.4871       1.1915141
       5024.9871       1.1879161
       5025.4871       1.1843181
       5025.9871       1.1804356
       5026.4871       1.1765456
       5026.9871       1.1726556
       5027.4871       1.1684936
       5027.9871       1.1643243
       5028.4871       1.1601550
       5028.9871       1.1557284
       5029.4871       1.1512951
       5029.9871       1.1468617
       5030.4871       1.1421878
       5030.9871       1.1375075
       5031.4871       1.1328272
       5031.9871       1.1279237
       5032.4871       1.1230144
       5032.9871       1.1181050
       5033.4871       1.1129918
       5033.9871       1.1078731
       5034.4871       1.1027545
       5034.9871       1.0974524
       5035.4871       1.0921454
       5035.9871       1.0868384
       5036.4871       1.0813687
       5036.9871       1.0758947
       5037.4871       1.0704207
       5037.9871       1.0648067
       5038.4871       1.0591891
       5038.9871       1.0535714
       5039.4871       1.0478358
       5039.9871       1.0420971
       5040.4871       1.0363585
       5040.9871       1.0305253
       5041.4871       1.0246897
       5041.9871       1.0188540
       5042.4871       1.0129472
       5042.9871       1.0070386
       5043.4871       1.0011299
       5043.9871      0.99517334
       5044.4871      0.98921546
       5044.9871      0.98325758
       5045.4871      0.97727558
       5045.9871      0.97129294
       5046.4871      0.96531031
       5046.9871      0.95932699
       5047.4871      0.95334366
       5047.9871      0.94736033
       5048.4871      0.94139956
       5048.9871      0.93543939
       5049.4871      0.92947923
       5049.9871      0.92356458
       5050.4871      0.91765114
       5050.9871      0.91173771
       5051.4871      0.90589211
       5051.9871      0.90004831
       5052.4871      0.89420451
       5052.9871      0.88845024
       5053.4871      0.88269836
       5053.9871      0.87694647
       5054.4871      0.87130515
       5054.9871      0.86566677
       5055.4871      0.86002839
       5055.9871      0.85452053
       5056.4871      0.84901614
       5056.9871      0.84351175
       5057.4871      0.83815666
       5057.9871      0.83280553
       5058.4871      0.82745441
       5058.9871      0.82226990
       5059.4871      0.81708982
       5059.9871      0.81190974
       5060.4871      0.80691250
       5060.9871      0.80192011
       5061.4871      0.79692772
       5061.9871      0.79213393
       5062.4871      0.78734541
       5062.9871      0.78255689
       5063.4871      0.77798117
       5063.9871      0.77341111
       5064.4871      0.76884104
       5064.9871      0.76449627
       5065.4871      0.76015749
       5065.9871      0.75581871
       5066.4871      0.75171671
       5066.9871      0.74762100
       5067.4871      0.74352528
       5067.9871      0.73967658
       5068.4871      0.73583445
       5068.9871      0.73199231
       5069.4871      0.72840579
       5069.9871      0.72482605
       5070.4871      0.72124632
       5070.9871      0.71792993
       5071.4871      0.71462054
       5071.9871      0.71131115
       5072.4871      0.70827125
       5072.9871      0.70523851
       5073.4871      0.70220576
       5073.9871      0.69944806
       5074.4871      0.69669766
       5074.9871      0.69394726
       5075.4871      0.69147605
       5075.9871      0.68901225
       5076.4871      0.68654845
       5076.9871      0.68436699
       5077.4871      0.68219303
       5077.9871      0.68001907
       5078.4871      0.67812964
       5078.9871      0.67624776
       5079.4871      0.67436588
       5079.9871      0.67276930
       5080.4871      0.67118030
       5080.9871      0.66959130
       5081.4871      0.66828770
       5081.9871      0.66699167
       5082.4871      0.66569565
       5082.9871      0.66468390
       5083.4871      0.66367970
       5083.9871      0.66267550
       5084.4871      0.66195395
       5084.9871      0.66123990
       5085.4871      0.66052586
       5085.9871      0.66009222
       5086.4871      0.65966602
       5086.9871      0.65923983
       5087.4871      0.65909061
       5087.9871      0.65894875
       5088.4871      0.65880690
       5088.9871      0.65893824
       5089.4871      0.65907684
       5089.9871      0.65921544
       5090.4871      0.65962275
       5090.9871      0.66003720
       5091.4871      0.66045165
       5091.9871      0.66112967
       5092.4871      0.66181468
       5092.9871      0.66249970
       5093.4871      0.66344265
       5093.9871      0.66439245
       5094.4871      0.66534225
       5094.9871      0.66654414
       5095.4871      0.66775272
       5095.9871      0.66896130
       5096.4871      0.67041562
       5096.9871      0.67187647
       5097.4871      0.67333732
       5097.9871      0.67503720
       5098.4871      0.67674342
       5098.9871      0.67844964
       5099.4871      0.68038802
       5099.9871      0.68233256
       5100.4871      0.68427710
       5100.9871      0.68644648
       5101.4871      0.68862183
       5101.9871      0.69079718
       5102.4871      0.69318996
       5102.9871      0.69558851
       5103.4871      0.69798706
       5103.9871      0.70059527
       5104.4871      0.70320905
       5104.9871      0.70582283
       5105.4871      0.70863823
       5105.9871      0.71145898
       5106.4871      0.71427973
       5106.9871      0.71729365
       5107.4871      0.72031271
       5107.9871      0.72333176
       5108.4871      0.72653582
       5108.9871      0.72974480
       5109.4871      0.73295377
       5109.9871      0.73633943
       5110.4871      0.73972978
       5110.9871      0.74312013
       5111.4871      0.74667873
       5111.9871      0.75024180
       5112.4871      0.75380486
       5112.9871      0.75752754
       5113.4871      0.76125446
       5113.9871      0.76498138
       5114.4871      0.76885932
       5114.9871      0.77274127
       5115.4871      0.77662322
       5115.9871      0.78064739
       5116.4871      0.78467533
       5116.9871      0.78870327
       5117.4871      0.79286466
       5117.9871      0.79702960
       5118.4871      0.80119453
       5118.9871      0.80548408
       5119.4871      0.80977695
       5119.9871      0.81406982
       5120.4871      0.81847797
       5120.9871      0.82288919
       5121.4871      0.82730041
       5121.9871      0.83181801
       5122.4871      0.83633842
       5122.9871      0.84085884
       5123.4871      0.84547620
       5123.9871      0.85009613
       5124.4871      0.85471607
       5124.9871      0.85942337
       5125.4871      0.86413299
       5125.9871      0.86884261
       5126.4871      0.87362996
       5126.9871      0.87841937
       5127.4871      0.88320878
       5127.9871      0.88806642
       5128.4871      0.89292587
       5128.9871      0.89778531
       5129.4871      0.90270308
       5129.9871      0.90762239
       5130.4871      0.91254170
       5130.9871      0.91750931
       5131.4871      0.92247822
       5131.9871      0.92744712
       5132.4871      0.93245411
       5132.9871      0.93746211
       5133.4871      0.94247011
       5133.9871      0.94750593
       5134.4871      0.95254248
       5134.9871      0.95757903
       5135.4871      0.96263327
       5135.9871      0.96768799
       5136.4871      0.97274270
       5136.9871      0.97780471
       5137.4871      0.98286691
       5137.9871      0.98792911
       5138.4871      0.99298816
       5138.9871      0.99804712
       5139.4871       1.0031061
       5139.9871       1.0081511
       5140.4871       1.0131958
       5140.9871       1.0182404
       5141.4871       1.0232607
       5141.9871       1.0282804
       5142.4871       1.0333001
       5142.9871       1.0382847
       5143.4871       1.0432683
       5143.9871       1.0482520
       5144.4871       1.0531899
       5144.9871       1.0581266
       5145.4871       1.0630633
       5145.9871       1.0679431
       5146.4871       1.0728215
       5146.9871       1.0776998
       5147.4871       1.0825112
       5147.9871       1.0873209
       5148.4871       1.0921305
       5148.9871       1.0968632
       5149.4871       1.1015939
       5149.9871       1.1063246
       5150.4871       1.1109686
       5150.9871       1.1156102
       5151.4871       1.1202519
       5151.9871       1.1247968
       5152.4871       1.1293391
       5152.9871       1.1338814
       5153.4871       1.1383173
       5153.9871       1.1427503
       5154.4871       1.1471833
       5154.9871       1.1515013
       5155.4871       1.1558163
       5155.9871       1.1601314
       5156.4871       1.1643217
       5156.9871       1.1685087
       5157.4871       1.1726956
       5157.9871       1.1767505
       5158.4871       1.1808018
       5158.9871       1.1848531
       5159.4871       1.1887642
       5159.9871       1.1926715
       5160.4871       1.1965788
       5160.9871       1.2003394
       5161.4871       1.2040961
       5161.9871       1.2078528
       5162.4871       1.2114568
       5162.9871       1.2150568
       5163.4871       1.2186568
       5163.9871       1.2220981
       5164.4871       1.2255351
       5164.9871       1.2289721
       5165.4871       1.2322464
       5165.9871       1.2355164
       5166.4871       1.2387864
       5166.9871       1.2418891
       5167.4871       1.2449875
       5167.9871       1.2480858
       5168.4871       1.2510143
       5168.9871       1.2539383
       5169.4871       1.2568623
       5169.9871       1.2596139
       5170.4871       1.2623609
       5170.9871       1.2651079
       5171.4871       1.2676812
       5171.9871       1.2702498
       5172.4871       1.2728185
       5172.9871       1.2752141
       5173.4871       1.2776051
       5173.9871       1.2799961
       5174.4871       1.2822138
       5174.9871       1.2844268
       5175.4871       1.2866398
       5175.9871       1.2886816
       5176.4871       1.2907190
       5176.9871       1.2927563
       5177.4871       1.2946248
       5177.9871       1.2964888
       5178.4871       1.2983528
       5178.9871       1.3000518
       5179.4871       1.3017465
       5179.9871       1.3034412
       5180.4871       1.3049748
       5180.9871       1.3065041
       5181.4871       1.3080335
       5181.9871       1.3094072
       5182.4871       1.3107769
       5182.9871       1.3121465
       5183.4871       1.3133668
       5183.9871       1.3145831
       5184.4871       1.3157995
       5184.9871       1.3168736
       5185.4871       1.3179439
       5185.9871       1.3190143
       5186.4871       1.3199499
       5186.9871       1.3208819
       5187.4871       1.3218139
       5187.9871       1.3226186
       5188.4871       1.3234199
       5188.9871       1.3242213
       5189.4871       1.3249044
       5189.9871       1.3255844
       5190.4871       1.3262644
       5190.9871       1.3268344
       5191.4871       1.3274013
       5191.9871       1.3279683
       5192.4871       1.3284366
       5192.9871       1.3289023
       5193.4871       1.3293680
       5193.9871       1.3297440
       5194.4871       1.3301176
       5194.9871       1.3304913
       5195.4871       1.3307871
       5195.9871       1.3310807
       5196.4871       1.3313744
       5196.9871       1.3315999
       5197.4871       1.3318235
       5197.9871       1.3320472
       5198.4871       1.3322140
       5198.9871       1.3323794
       5199.4871       1.3325447
       5199.9871       1.3326642
       5200.4871       1.3327826
       5200.9871       1.3329009
       5201.4871       1.3329845
       5201.9871       1.3330672
       5202.4871       1.3331499
       5202.9871       1.3332089
       5203.4871       1.3332672
       5203.9871       1.3333255
       5204.4871       1.3333706
       5204.9871       1.3334152
       5205.4871       1.3334599
       5205.9871       1.3335016
       5206.4871       1.3335433
       5206.9871       1.3335849
       5207.4871       1.3336331
       5207.9871       1.3336814
       5208.4871       1.3337298
       5208.9871       1.3337947
       5209.4871       1.3338600
       5209.9871       1.3339253
       5210.4871       1.3340157
       5210.9871       1.3341067
       5211.4871       1.3341977
       5211.9871       1.3343228
       5212.4871       1.3344488
       5212.9871       1.3345748
       5213.4871       1.3347427
       5213.9871       1.3349117
       5214.4871       1.3350807
       5214.9871       1.3352987
       5215.4871       1.3355180
       5215.9871       1.3357373
       5216.4871       1.3360125
       5216.9871       1.3362892
       5217.4871       1.3365658
       5217.9871       1.3369039
       5218.4871       1.3372435
       5218.9871       1.3375832
       5219.4871       1.3379901
       5219.9871       1.3383987
       5220.4871       1.3388074
       5220.9871       1.3392875
       5221.4871       1.3397695
       5221.9871       1.3402515
       5222.4871       1.3408079
       5222.9871       1.3413662
       5223.4871       1.3419245
       5223.9871       1.3425605
       5224.4871       1.3431985
       5224.9871       1.3438365
       5225.4871       1.3445537
       5225.9871       1.3452731
       5226.4871       1.3459924
       5226.9871       1.3467926
       5227.4871       1.3475949
       5227.9871       1.3483972
       5228.4871       1.3492808
       5228.9871       1.3501664
       5229.4871       1.3510521
       5229.9871       1.3520186
       5230.4871       1.3529873
       5230.9871       1.3539560
       5231.4871       1.3550048
       5231.9871       1.3560558
       5232.4871       1.3571068
       5232.9871       1.3582354
       5233.4871       1.3593660
       5233.9871       1.3604967
       5234.4871       1.3617024
       5234.9871       1.3629101
       5235.4871       1.3641177
       5235.9871       1.3653965
       5236.4871       1.3666772
       5236.9871       1.3679578
       5237.4871       1.3693057
       5237.9871       1.3706554
       5238.4871       1.3720051
       5238.9871       1.3734178
       5239.4871       1.3748321
       5239.9871       1.3762464
       5240.4871       1.3777179
       5240.9871       1.3791909
       5241.4871       1.3806639
       5241.9871       1.3821892
       5242.4871       1.3837159
       5242.9871       1.3852425
       5243.4871       1.3868150
       5243.9871       1.3883886
       5244.4871       1.3899622
       5244.9871       1.3915752
       5245.4871       1.3931892
       5245.9871       1.3948032
       5246.4871       1.3964494
       5246.9871       1.3980964
       5247.4871       1.3997434
       5247.9871       1.4014157
       5248.4871       1.4030887
       5248.9871       1.4047617
       5249.4871       1.4064522
       5249.9871       1.4081432
       5250.4871       1.4098343
       5250.9871       1.4115347
       5251.4871       1.4132354
       5251.9871       1.4149360
       5252.4871       1.4166387
       5252.9871       1.4183413
       5253.4871       1.4200440
       5253.9871       1.4217405
       5254.4871       1.4234368
       5254.9871       1.4251331
       5255.4871       1.4268158
       5255.9871       1.4284981
       5256.4871       1.4301804
       5256.9871       1.4318400
       5257.4871       1.4334991
       5257.9871       1.4351581
       5258.4871       1.4367872
       5258.9871       1.4384155
       5259.4871       1.4400439
       5259.9871       1.4416342
       5260.4871       1.4432236
       5260.9871       1.4448129
       5261.4871       1.4463567
       5261.9871       1.4478994
       5262.4871       1.4494420
       5262.9871       1.4509315
       5263.4871       1.4524195
       5263.9871       1.4539075
       5264.4871       1.4553348
       5264.9871       1.4567604
       5265.4871       1.4581861
       5265.9871       1.4595436
       5266.4871       1.4608993
       5266.9871       1.4622550
       5267.4871       1.4635359
       5267.9871       1.4648149
       5268.4871       1.4660939
       5268.9871       1.4672914
       5269.4871       1.4684867
       5269.9871       1.4696820
       5270.4871       1.4707897
       5270.9871       1.4718951
       5271.4871       1.4730004
       5271.9871       1.4740112
       5272.4871       1.4750195
       5272.9871       1.4760279
       5273.4871       1.4769368
       5273.9871       1.4778432
       5274.4871       1.4787495
       5274.9871       1.4795503
       5275.4871       1.4803483
       5275.9871       1.4811463
       5276.4871       1.4818342
       5276.9871       1.4825193
       5277.4871       1.4832043
       5277.9871       1.4837740
       5278.4871       1.4843407
       5278.9871       1.4849074
       5279.4871       1.4853552
       5279.9871       1.4857998
       5280.4871       1.4862445
       5280.9871       1.4865658
       5281.4871       1.4868838
       5281.9871       1.4872018
       5282.4871       1.4873922
       5282.9871       1.4875792
       5283.4871       1.4877662
       5283.9871       1.4878230
       5284.4871       1.4878763
       5284.9871       1.4879296
       5285.4871       1.4878485
       5285.9871       1.4877638
       5286.4871       1.4876792
       5286.9871       1.4874581
       5287.4871       1.4872335
       5287.9871       1.4870088
       5288.4871       1.4866448
       5288.9871       1.4862772
       5289.4871       1.4859096
       5289.9871       1.4854000
       5290.4871       1.4848866
       5290.9871       1.4843733
       5291.4871       1.4837164
       5291.9871       1.4830558
       5292.4871       1.4823951
       5292.9871       1.4815896
       5293.4871       1.4807802
       5293.9871       1.4799709
       5294.4871       1.4790148
       5294.9871       1.4780548
       5295.4871       1.4770948
       5295.9871       1.4759868
       5296.4871       1.4748748
       5296.9871       1.4737628
       5297.4871       1.4725021
       5297.9871       1.4712374
       5298.4871       1.4699727
       5298.9871       1.4685583
       5299.4871       1.4671400
       5299.9871       1.4657217
       5300.4871       1.4641537
       5300.9871       1.4625817
       5301.4871       1.4610097
       5301.9871       1.4592873
       5302.4871       1.4575610
       5302.9871       1.4558347
       5303.4871       1.4539587
       5303.9871       1.4520787
       5304.4871       1.4501987
       5304.9871       1.4481687
       5305.4871       1.4461347
       5305.9871       1.4441007
       5306.4871       1.4419170
       5306.9871       1.4397293
       5307.4871       1.4375416
       5307.9871       1.4352049
       5308.4871       1.4328642
       5308.9871       1.4305235
       5309.4871       1.4280345
       5309.9871       1.4255415
       5310.4871       1.4230485
       5310.9871       1.4204084
       5311.4871       1.4177645
       5311.9871       1.4151205
       5312.4871       1.4123317
       5312.9871       1.4095390
       5313.4871       1.4067463
       5313.9871       1.4038108
       5314.4871       1.4008714
       5314.9871       1.3979321
       5315.4871       1.3948515
       5315.9871       1.3917671
       5316.4871       1.3886828
       5316.9871       1.3854608
       5317.4871       1.3822352
       5317.9871       1.3790095
       5318.4871       1.3756487
       5318.9871       1.3722844
       5319.4871       1.3689200
       5319.9871       1.3654242
       5320.4871       1.3619249
       5320.9871       1.3584256
       5321.4871       1.3547983
       5321.9871       1.3511676
       5322.4871       1.3475369
       5322.9871       1.3437822
       5323.4871       1.3400243
       5323.9871       1.3362663
       5324.4871       1.3323891
       5324.9871       1.3285087
       5325.4871       1.3246284
       5325.9871       1.3206338
       5326.4871       1.3166361
       5326.9871       1.3126385
       5327.4871       1.3085320
       5327.9871       1.3044227
       5328.4871       1.3003134
       5328.9871       1.2961008
       5329.4871       1.2918855
       5329.9871       1.2876701
       5330.4871       1.2833574
       5330.9871       1.2790421
       5331.4871       1.2747267
       5331.9871       1.2703211
       5332.4871       1.2659131
       5332.9871       1.2615051
       5333.4871       1.2570127
       5333.9871       1.2525180
       5334.4871       1.2480234
       5334.9871       1.2434514
       5335.4871       1.2388774
       5335.9871       1.2343034
       5336.4871       1.2296586
       5336.9871       1.2250119
       5337.4871       1.2203653
       5337.9871       1.2156559
       5338.4871       1.2109449
       5338.9871       1.2062339
       5339.4871       1.2014678
       5339.9871       1.1967001
       5340.4871       1.1919324
       5340.9871       1.1871174
       5341.4871       1.1823010
       5341.9871       1.1774847
       5342.4871       1.1726287
       5342.9871       1.1677717
       5343.4871       1.1629147
       5343.9871       1.1580268
       5344.4871       1.1531382
       5344.9871       1.1482495
       5345.4871       1.1433378
       5345.9871       1.1384255
       5346.4871       1.1335131
       5346.9871       1.1285859
       5347.4871       1.1236582
       5347.9871       1.1187305
       5348.4871       1.1137970
       5348.9871       1.1088633
       5349.4871       1.1039296
       5349.9871       1.0989976
       5350.4871       1.0940656
       5350.9871       1.0891336
       5351.4871       1.0842123
       5351.9871       1.0792913
       5352.4871       1.0743703
       5352.9871       1.0694675
       5353.4871       1.0645652
       5353.9871       1.0596628
       5354.4871       1.0547872
       5354.9871       1.0499122
       5355.4871       1.0450372
       5355.9871       1.0401969
       5356.4871       1.0353576
       5356.9871       1.0305182
       5357.4871       1.0257205
       5357.9871       1.0209238
       5358.4871       1.0161271
       5358.9871       1.0113805
       5359.4871       1.0066352
       5359.9871       1.0018898
       5360.4871      0.99720070
       5360.9871      0.99251306
       5361.4871      0.98782541
       5361.9871      0.98320148
       5362.4871      0.97857924
       5362.9871      0.97395699
       5363.4871      0.96940501
       5363.9871      0.96485489
       5364.4871      0.96030477
       5364.9871      0.95583110
       5365.4871      0.95135946
       5365.9871      0.94688782
       5366.4871      0.94249830
       5366.9871      0.93811096
       5367.4871      0.93372362
       5367.9871      0.92942376
       5368.4871      0.92512623
       5368.9871      0.92082869
       5369.4871      0.91662313
       5369.9871      0.91242001
       5370.4871      0.90821689
       5370.9871      0.90410980
       5371.4871      0.90000527
       5371.9871      0.89590073
       5372.4871      0.89189556
       5372.9871      0.88789303
       5373.4871      0.88389050
       5373.9871      0.87999045
       5374.4871      0.87609312
       5374.9871      0.87219579
       5375.4871      0.86840303
       5375.9871      0.86461305
       5376.4871      0.86082307
       5376.9871      0.85713932
       5377.4871      0.85345839
       5377.9871      0.84977747
       5378.4871      0.84620375
       5378.9871      0.84263287
       5379.4871      0.83906200
       5379.9871      0.83559866
       5380.4871      0.83213817
       5380.9871      0.82867768
       5381.4871      0.82532440
       5381.9871      0.82197396
       5382.4871      0.81862352
       5382.9871      0.81537926
       5383.4871      0.81213782
       5383.9871      0.80889638
       5384.4871      0.80575953
       5384.9871      0.80262546
       5385.4871      0.79949139
       5385.9871      0.79645968
       5386.4871      0.79343069
       5386.9871      0.79040170
       5387.4871      0.78747196
       5387.9871      0.78454486
       5388.4871      0.78161775
       5388.9871      0.77878680
       5389.4871      0.77595840
       5389.9871      0.77313000
       5390.4871      0.77039322
       5390.9871      0.76765888
       5391.4871      0.76492454
       5391.9871      0.76227736
       5392.4871      0.75963251
       5392.9871      0.75698765
       5393.4871      0.75442478
       5393.9871      0.75186408
       5394.4871      0.74930339
       5394.9871      0.74681860
       5395.4871      0.74433583
       5395.9871      0.74185306
       5396.4871      0.73944033
       5396.9871      0.73702946
       5397.4871      0.73461859
       5397.9871      0.73227120
       5398.4871      0.72992550
       5398.9871      0.72757980
       5399.4871      0.72529067
       5399.9871      0.72300304
       5400.4871      0.72071542
       5400.9871      0.71847749
       5401.4871      0.71624089
       5401.9871      0.71400428
       5402.4871      0.71181018
       5402.9871      0.70961721
       5403.4871      0.70742423
       5403.9871      0.70526660
       5404.4871      0.70310990
       5404.9871      0.70095321
       5405.4871      0.69882469
       5405.9871      0.69669693
       5406.4871      0.69456916
       5406.9871      0.69246220
       5407.4871      0.69035579
       5407.9871      0.68824938
       5408.4871      0.68615656
       5408.9871      0.68406410
       5409.4871      0.68197164
       5409.9871      0.67988557
       5410.4871      0.67779966
       5410.9871      0.67571376
       5411.4871      0.67362706
       5411.9871      0.67154034
       5412.4871      0.66945362
       5412.9871      0.66736065
       5413.4871      0.66526751
       5413.9871      0.66317438
       5414.4871      0.66106984
       5414.9871      0.65896500
       5415.4871      0.65686017
       5415.9871      0.65473893
       5416.4871      0.65261727
       5416.9871      0.65049560
       5417.4871      0.64835295
       5417.9871      0.64620975
       5418.4871      0.64406654
       5418.9871      0.64189847
       5419.4871      0.63972974
       5419.9871      0.63756100
       5420.4871      0.63536422
       5420.9871      0.63316670
       5421.4871      0.63096917
       5421.9871      0.62874109
       5422.4871      0.62651219
       5422.9871      0.62428330
       5423.4871      0.62202241
       5423.9871      0.61976067
       5424.4871      0.61749893
       5424.9871      0.61520456
       5425.4871      0.61290933
       5425.9871      0.61061409
       5426.4871      0.60828671
       5426.9871      0.60595847
       5427.4871      0.60363024
       5427.9871      0.60127127
       5428.4871      0.59891148
       5428.9871      0.59655169
       5429.4871      0.59416324
       5429.9871      0.59177403
       5430.4871      0.58938481
       5430.9871      0.58696984
       5431.4871      0.58455418
       5431.9871      0.58213853
       5432.4871      0.57970085
       5432.9871      0.57726258
       5433.4871      0.57482431
       5433.9871      0.57236874
       5434.4871      0.56991271
       5434.9871      0.56745668
       5435.4871      0.56498864
       5435.9871      0.56252027
       5436.4871      0.56005190
       5436.9871      0.55757759
       5437.4871      0.55510312
       5437.9871      0.55262866
       5438.4871      0.55015477
       5438.9871      0.54768090
       5439.4871      0.54520703
       5439.9871      0.54274098
       5440.4871      0.54027513
       5440.9871      0.53780929
       5441.4871      0.53535912
       5441.9871      0.53290937
       5442.4871      0.53045962
       5442.9871      0.52803385
       5443.4871      0.52560871
       5443.9871      0.52318358
       5444.4871      0.52079108
       5444.9871      0.51839944
       5445.4871      0.51600780
       5445.9871      0.51365782
       5446.4871      0.51130894
       5446.9871      0.50896006
       5447.4871      0.50666185
       5447.9871      0.50436498
       5448.4871      0.50206812
       5448.9871      0.49983116
       5449.4871      0.49759580
       5449.9871      0.49536044
       5450.4871      0.49319365
       5450.9871      0.49102869
       5451.4871      0.48886373
       5451.9871      0.48677607
       5452.4871      0.48469047
       5452.9871      0.48260486
       5453.4871      0.48060489
       5453.9871      0.47860719
       5454.4871      0.47660949
       5454.9871      0.47470541
       5455.4871      0.47280381
       5455.9871      0.47090221
       5456.4871      0.46910192
       5456.9871      0.46730433
       5457.4871      0.46550673
       5457.9871      0.46381778
       5458.4871      0.46213171
       5458.9871      0.46044565
       5459.4871      0.45887475
       5459.9871      0.45730690
       5460.4871      0.45573906
       5460.9871      0.45429209
       5461.4871      0.45284833
       5461.9871      0.45140456
       5462.4871      0.45008675
       5462.9871      0.44877227
       5463.4871      0.44745780
       5463.9871      0.44627384
       5464.4871      0.44509334
       5464.9871      0.44391284
       5465.4871      0.44286670
       5465.9871      0.44182414
       5466.4871      0.44078157
       5466.9871      0.43987610
       5467.4871      0.43897427
       5467.9871      0.43807245
       5468.4871      0.43730923
       5468.9871      0.43654970
       5469.4871      0.43579017
       5469.9871      0.43516980
       5470.4871      0.43455313
       5470.9871      0.43393646
       5471.4871      0.43345877
       5471.9871      0.43298478
       5472.4871      0.43251078
       5472.9871      0.43217449
       5473.4871      0.43184186
       5473.9871      0.43150922
       5474.4871      0.43131221
       5474.9871      0.43111880
       5475.4871      0.43092540
       5475.9871      0.43086441
       5476.4871      0.43080694
       5476.9871      0.43074947
       5477.4871      0.43082023
       5477.9871      0.43089440
       5478.4871      0.43096857
       5478.9871      0.43116554
       5479.4871      0.43136577
       5479.9871      0.43156600
       5480.4871      0.43188297
       5480.9871      0.43220304
       5481.4871      0.43252310
       5481.9871      0.43295300
       5482.4871      0.43338580
       5482.9871      0.43381861
       5483.4871      0.43435327
       5483.9871      0.43489064
       5484.4871      0.43542800
       5484.9871      0.43605885
       5485.4871      0.43669218
       5485.9871      0.43732551
       5486.4871      0.43804282
       5486.9871      0.43876235
       5487.4871      0.43948189
       5487.9871      0.44027520
       5488.4871      0.44107046
       5488.9871      0.44186573
       5489.4871      0.44272395
       5489.9871      0.44358385
       5490.4871      0.44444374
       5490.9871      0.44535533
       5491.4871      0.44626830
       5491.9871      0.44718126
       5492.4871      0.44813440
       5492.9871      0.44908860
       5493.4871      0.45004280
       5493.9871      0.45102535
       5494.4871      0.45200866
       5494.9871      0.45299197
       5495.4871      0.45399149
       5495.9871      0.45499145
       5496.4871      0.45599141
       5496.9871      0.45699489
       5497.4871      0.45799846
       5497.9871      0.45900203
       5498.4871      0.45999618
       5498.9871      0.46099008
       5499.4871      0.46198398
       5499.9871      0.46295547
       5500.4871      0.46392637
       5500.9871      0.46489727
       5501.4871      0.46583298
       5501.9871      0.46676775
       5502.4871      0.46770252
       5502.9871      0.46858926
       5503.4871      0.46947473
       5503.9871      0.47036019
       5504.4871      0.47118510
       5504.9871      0.47200840
       5505.4871      0.47283170
       5505.9871      0.47358213
       5506.4871      0.47433063
       5506.9871      0.47507912
       5507.4871      0.47574307
       5507.9871      0.47640477
       5508.4871      0.47706647
       5508.9871      0.47763242
       5509.4871      0.47819582
       5509.9871      0.47875922
       5510.4871      0.47921598
       5510.9871      0.47966991
       5511.4871      0.48012384
       5511.9871      0.48046092
       5512.4871      0.48079490
       5512.9871      0.48112887
       5513.4871      0.48133633
       5513.9871      0.48154042
       5514.4871      0.48174452
       5514.9871      0.48181345
       5515.4871      0.48187879
       5515.9871      0.48194412
       5516.4871      0.48186638
       5516.9871      0.48178484
       5517.4871      0.48170331
       5517.9871      0.48147143
       5518.4871      0.48123557
       5518.9871      0.48099970
       5519.4871      0.48060717
       5519.9871      0.48021047
       5520.4871      0.47981377
       5520.9871      0.47925517
       5521.4871      0.47869228
       5521.9871      0.47812938
       5522.4871      0.47740048
       5522.9871      0.47666718
       5523.4871      0.47593387
       5523.9871      0.47503147
       5524.4871      0.47412458
       5524.9871      0.47321768
       5525.4871      0.47213959
       5525.9871      0.47105695
       5526.4871      0.46997431
       5526.9871      0.46871926
       5527.4871      0.46745962
       5527.9871      0.46619999
       5528.4871      0.46476777
       5528.9871      0.46333097
       5529.4871      0.46189417
       5529.9871      0.46028564
       5530.4871      0.45867254
       5530.9871      0.45705944
       5531.4871      0.45527655
       5531.9871      0.45348916
       5532.4871      0.45170176
       5532.9871      0.44974727
       5533.4871      0.44778833
       5533.9871      0.44582939
       5534.4871      0.44370736
       5534.9871      0.44158099
       5535.4871      0.43945463
       5535.9871      0.43716980
       5536.4871      0.43488076
       5536.9871      0.43259173
       5537.4871      0.43014989
       5537.9871      0.42770399
       5538.4871      0.42525810
       5538.9871      0.42266576
       5539.4871      0.42006953
       5539.9871      0.41747330
       5540.4871      0.41473812
       5540.9871      0.41199924
       5541.4871      0.40926037
       5541.9871      0.40639039
       5542.4871      0.40351693
       5542.9871      0.40064347
       5543.4871      0.39764749
       5543.9871      0.39464826
       5544.4871      0.39164902
       5544.9871      0.38853618
       5545.4871      0.38542031
       5545.9871      0.38230445
       5546.4871      0.37908451
       5546.9871      0.37586181
       5547.4871      0.37263910
       5547.9871      0.36932230
       5548.4871      0.36600300
       5548.9871      0.36268369
       5549.4871      0.35928049
       5549.9871      0.35587506
       5550.4871      0.35246963
       5550.9871      0.34899077
       5551.4871      0.34550997
       5551.9871      0.34202917
       5552.4871      0.33848567
       5552.9871      0.33494051
       5553.4871      0.33139534
       5553.9871      0.32779841
       5554.4871      0.32420011
       5554.9871      0.32060181
       5555.4871      0.31696247
       5555.9871      0.31332203
       5556.4871      0.30968160
       5556.9871      0.30601094
       5557.4871      0.30233947
       5557.9871      0.29866800
       5558.4871      0.29497700
       5558.9871      0.29128547
       5559.4871      0.28759395
       5559.9871      0.28389335
       5560.4871      0.28019250
       5560.9871      0.27649166
       5561.4871      0.27279213
       5561.9871      0.26909264
       5562.4871      0.26539315
       5562.9871      0.26170494
       5563.4871      0.25801704
       5563.9871      0.25432913
       5564.4871      0.25066237
       5564.9871      0.24699617
       5565.4871      0.24332997
       5565.9871      0.23969413
       5566.4871      0.23605910
       5566.9871      0.23242407
       5567.4871      0.22882835
       5567.9871      0.22523369
       5568.4871      0.22163902
       5568.9871      0.21809219
       5569.4871      0.21454662
       5569.9871      0.21100106
       5570.4871      0.20751151
       5570.9871      0.20402344
       5571.4871      0.20053537
       5571.9871      0.19711101
       5572.4871      0.19368834
       5572.9871      0.19026567
       5573.4871      0.18691386
       5573.9871      0.18356392
       5574.4871      0.18021399
       5574.9871      0.17694163
       5575.4871      0.17367133
       5575.9871      0.17040103
       5576.4871      0.16721467
       5576.9871      0.16403053
       5577.4871      0.16084640
       5577.9871      0.15775214
       5578.4871      0.15466027
       5578.9871      0.15156841
       5579.4871      0.14857185
       5579.9871      0.14557781
       5580.4871      0.14258378
       5580.9871      0.13969002
       5581.4871      0.13679892
       5581.9871      0.13390782
       5582.4871      0.13112147
       5582.9871      0.12833791
       5583.4871      0.12555434
       5583.9871      0.12287952
       5584.4871      0.12020758
       5584.9871      0.11753565
       5585.4871      0.11497606
       5585.9871      0.11241946
       5586.4871      0.10986286
       5586.9871      0.10742202
       5587.4871      0.10498425
       5587.9871      0.10254649
       5588.4871      0.10022762
       5588.9871     0.097911912
       5589.4871     0.095596205
       5589.9871     0.093401978
       5590.4871     0.091210978
       5590.9871     0.089019978
       5591.4871     0.086952566
       5591.9871     0.084888438
       5592.4871     0.082824309
       5592.9871     0.080885437
       5593.4871     0.078949893
       5593.9871     0.077014349
       5594.4871     0.075205409
       5594.9871     0.073399833
       5595.4871     0.071594257
       5595.9871     0.069916422
       5596.4871     0.068241981
       5596.9871     0.066567540
       5597.4871     0.065021685
       5597.9871     0.063479246
       5598.4871     0.061936807
       5598.9871     0.060523486
       5599.4871     0.059113595
       5599.9871     0.057703705
       5600.4871     0.056423130
       5600.9871     0.055145992
       5601.4871     0.053868853
       5601.9871     0.052720929
       5602.4871     0.051576438
       5602.9871     0.050431947
       5603.4871     0.049416190
       5603.9871     0.048403854
       5604.4871     0.047391517
       5604.9871     0.046506985
       5605.4871     0.045625848
       5605.9871     0.044744712
       5606.4871     0.043990234
       5606.9871     0.043239121
       5607.4871     0.042488008
       5607.9871     0.041862095
       5608.4871     0.041239509
       5608.9871     0.040616922
       5609.4871     0.040117721
       5609.9871     0.039621798
       5610.4871     0.039125875
       5610.9871     0.038751258
       5611.4871     0.038379864
       5611.9871     0.038008470
       5612.4871     0.037755858
       5612.9871     0.037506401
       5613.4871     0.037256945
       5613.9871     0.037123347
       5614.4871     0.036992828
       5614.9871     0.036862309
       5615.4871     0.036844365
       5615.9871     0.036829412
       5616.4871     0.036814458
       5616.9871     0.036908515
       5617.4871     0.037005469
       5617.9871     0.037102422
       5618.4871     0.037304427
       5618.9871     0.037509224
       5619.4871     0.037714021
       5619.9871     0.038019496
       5620.4871     0.038327646
       5620.9871     0.038635795
       5621.4871     0.039039919
       5621.9871     0.039446593
       5622.4871     0.039853267
       5622.9871     0.040350852
       5623.4871     0.040850851
       5623.9871     0.041350851
       5624.4871     0.041936427
       5624.9871     0.042524277
       5625.4871     0.043112126
       5625.9871     0.043779955
       5626.4871     0.044449909
       5626.9871     0.045119863
       5627.4871     0.045863836
       5627.9871     0.046609776
       5628.4871     0.047355716
       5628.9871     0.048169393
       5629.4871     0.048984870
       5629.9871     0.049800348
       5630.4871     0.050677119
       5630.9871     0.051555519
       5631.4871     0.052433919
       5631.9871     0.053366979
       5632.4871     0.054301492
       5632.9871     0.055236005
       5633.4871     0.056218150
       5633.9871     0.057201561
       5634.4871     0.058184972
       5634.9871     0.059208856
       5635.4871     0.060233815
       5635.9871     0.061258774
       5636.4871     0.062316914
       5636.9871     0.063375936
       5637.4871     0.064434957
       5637.9871     0.065519731
       5638.4871     0.066605189
       5638.9871     0.067690646
       5639.4871     0.068794592
       5639.9871     0.069899029
       5640.4871     0.071003466
       5640.9871     0.072119082
       5641.4871     0.073234995
       5641.9871     0.074350908
       5642.4871     0.075470557
       5642.9871     0.076590305
       5643.4871     0.077710052
       5643.9871     0.078825973
       5644.4871     0.079941792
       5644.9871     0.081057610
       5645.4871     0.082162165
       5645.9871     0.083266421
       5646.4871     0.084370676
       5646.9871     0.085456485
       5647.4871     0.086541804
       5647.9871     0.087627122
       5648.4871     0.088687157
       5648.9871     0.089746520
       5649.4871     0.090805884
       5649.9871     0.091833315
       5650.4871     0.092859898
       5650.9871     0.093886482
       5651.4871     0.094874720
       5651.9871     0.095861939
       5652.4871     0.096849158
       5652.9871     0.097791946
       5653.4871     0.098733552
       5653.9871     0.099675159
       5654.4871      0.10056658
       5654.9871      0.10145667
       5655.4871      0.10234677
       5655.9871      0.10318131
       5656.4871      0.10401437
       5656.9871      0.10484744
       5657.4871      0.10562015
       5657.9871      0.10639125
       5658.4871      0.10716235
       5658.9871      0.10786870
       5659.4871      0.10857333
       5659.9871      0.10927797
       5660.4871      0.10991402
       5660.9871      0.11054826
       5661.4871      0.11118249
       5661.9871      0.11174460
       5662.4871      0.11230480
       5662.9871      0.11286500
       5663.4871      0.11335003
       5663.9871      0.11383307
       5664.4871      0.11431610
       5664.9871      0.11472146
       5665.4871      0.11512476
       5665.9871      0.11552806
       5666.4871      0.11585181
       5666.9871      0.11617344
       5667.4871      0.11649508
       5667.9871      0.11673602
       5668.4871      0.11697482
       5668.9871      0.11721362
       5669.4871      0.11737114
       5669.9871      0.11752651
       5670.4871      0.11768188
       5670.9871      0.11775607
       5671.4871      0.11782810
       5671.9871      0.11790014
       5672.4871      0.11789034
       5672.9871      0.11787838
       5673.4871      0.11786641
       5673.9871      0.11777288
       5674.4871      0.11767718
       5674.9871      0.11758147
       5675.4871      0.11740567
       5675.9871      0.11722774
       5676.4871      0.11704981
       5676.9871      0.11679362
       5677.4871      0.11653535
       5677.9871      0.11627708
       5678.4871      0.11594284
       5678.9871      0.11560657
       5679.4871      0.11527030
       5679.9871      0.11486072
       5680.4871      0.11444918
       5680.9871      0.11403765
       5681.4871      0.11355598
       5681.9871      0.11307245
       5682.4871      0.11258892
       5682.9871      0.11203852
       5683.4871      0.11148636
       5683.9871      0.11093419
       5684.4871      0.11031871
       5684.9871      0.10970154
       5685.4871      0.10908437
       5685.9871      0.10840769
       5686.4871      0.10772942
       5686.9871      0.10705116
       5687.4871      0.10631746
       5687.9871      0.10558229
       5688.4871      0.10484712
       5688.9871      0.10406088
       5689.4871      0.10327328
       5689.9871      0.10248568
       5690.4871      0.10165154
       5690.9871      0.10081616
       5691.4871     0.099980776
       5691.9871     0.099103496
       5692.4871     0.098225102
       5692.9871     0.097346708
       5693.4871     0.096431075
       5693.9871     0.095514452
       5694.4871     0.094597830
       5694.9871     0.093648758
       5695.4871     0.092698824
       5695.9871     0.091748890
       5696.4871     0.090771393
       5696.9871     0.089793164
       5697.4871     0.088814935
       5697.9871     0.087813941
       5698.4871     0.086812342
       5698.9871     0.085810743
       5699.4871     0.084790990
       5699.9871     0.083770755
       5700.4871     0.082750519
       5700.9871     0.081716560
       5701.4871     0.080682235
       5701.9871     0.079647911
       5702.4871     0.078604105
       5702.9871     0.077560048
       5703.4871     0.076515991
       5703.9871     0.075466645
       5704.4871     0.074417159
       5704.9871     0.073367672
       5705.4871     0.072316940
       5705.9871     0.071266175
       5706.4871     0.070215410
       5706.9871     0.069167366
       5707.4871     0.068119395
       5707.9871     0.067071423
       5708.4871     0.066029739
       5708.9871     0.064988223
       5709.4871     0.063946706
       5709.9871     0.062914742
       5710.4871     0.061883031
       5710.9871     0.060851321
       5711.4871     0.059832076
       5711.9871     0.058813162
       5712.4871     0.057794248
       5712.9871     0.056790514
       5713.4871     0.055787184
       5713.9871     0.054783854
       5714.4871     0.053798166
       5714.9871     0.052812946
       5715.4871     0.051827726
       5715.9871     0.050862329
       5716.4871     0.049897459
       5716.9871     0.048932589
       5717.4871     0.047989373
       5717.9871     0.047046733
       5718.4871     0.046104093
       5718.9871     0.045184814
       5719.4871     0.044266155
       5719.9871     0.043347496
       5720.4871     0.042453754
       5720.9871     0.041560674
       5721.4871     0.040667594
       5721.9871     0.039800532
       5722.4871     0.038934161
       5722.9871     0.038067790
       5723.4871     0.037228137
       5723.9871     0.036389194
       5724.4871     0.035550252
       5724.9871     0.034738525
       5725.4871     0.033927522
       5725.9871     0.033116519
       5726.4871     0.032333196
       5726.9871     0.031550609
       5727.4871     0.030768022
       5727.9871     0.030013558
       5728.4871     0.029259842
       5728.9871     0.028506126
       5729.4871     0.027780548
       5729.9871     0.027055718
       5730.4871     0.026330887
       5730.9871     0.025633904
       5731.4871     0.024937661
       5731.9871     0.024241418
       5732.4871     0.023572600
       5732.9871     0.022904510
       5733.4871     0.022236420
       5733.9871     0.021595287
       5734.4871     0.020954870
       5734.9871     0.020314453
       5735.4871     0.019700516
       5735.9871     0.019087283
       5736.4871     0.018474050
       5736.9871     0.017886793
       5737.4871     0.017300226
       5737.9871     0.016713659
       5738.4871     0.016152482
       5738.9871     0.015591979
       5739.4871     0.015031475
       5739.9871     0.014495679
       5740.4871     0.013960539
       5740.9871     0.013425399
       5741.4871     0.012914245
       5741.9871     0.012403728
       5742.4871     0.011893212
       5742.9871     0.011405915
       5743.4871     0.010919235
       5743.9871     0.010432555
       5744.4871    0.0099683464
       5744.9871    0.0095047350
       5745.4871    0.0090411236
       5745.9871    0.0085992673
       5746.4871    0.0081579889
       5746.9871    0.0077167106
       5747.4871    0.0072966074
       5747.9871    0.0068770668
       5748.4871    0.0064575261
       5748.9871    0.0060586443
       5749.4871    0.0056603112
       5749.9871    0.0052619782
       5750.4871    0.0048837814
       5750.9871    0.0045061195
       5751.4871    0.0041284577
       5751.9871    0.0037703303
       5752.4871    0.0034127220
       5752.9871    0.0030551136
       5753.4871    0.0027164473
       5753.9871    0.0023782843
       5754.4871    0.0020401214
       5754.9871    0.0017204884
       5755.4871    0.0014013477
       5755.9871    0.0010822070
       5756.4871   0.00078133910
       5756.9871   0.00048095664
       5757.4871   0.00018057419
       5757.9871  -0.00010176215
       5758.4871  -0.00038361905
       5758.9871  -0.00066547595
       5759.4871  -0.00092953441
       5759.9871   -0.0011931200
       5760.4871   -0.0014567057
       5760.9871   -0.0017027062
       5761.4871   -0.0019482396
       5761.9871   -0.0021937730
       5762.4871   -0.0024218540
       5762.9871   -0.0026494713
       5763.4871   -0.0028770886
       5763.9871   -0.0030873046
       5764.4871   -0.0032970582
       5764.9871   -0.0035068118
       5765.4871   -0.0036991907
       5765.9871   -0.0038911081
       5766.4871   -0.0040830254
       5766.9871   -0.0042576322
       5767.4871   -0.0044317791
       5767.9871   -0.0046059260
       5768.4871   -0.0047628185
       5768.9871   -0.0049192526
       5769.4871   -0.0050756867
       5769.9871   -0.0052148236
       5770.4871   -0.0053535009
       5770.9871   -0.0054921783
       5771.4871   -0.0056134613
       5771.9871   -0.0057342823
       5772.4871   -0.0058551032
       5772.9871   -0.0059585102
       5773.4871   -0.0060614546
       5773.9871   -0.0061643989
       5774.4871   -0.0062500059
       5774.9871   -0.0063351522
       5775.4871   -0.0064202985
       5775.9871   -0.0064882016
       5776.4871   -0.0065556466
       5776.9871   -0.0066230915
       5777.4871   -0.0066733589
       5777.9871   -0.0067231699
       5778.4871   -0.0067729809
       5778.9871   -0.0068057289
       5779.4871   -0.0068380236
       5779.9871   -0.0068703183
       5780.4871   -0.0068857558
       5780.9871   -0.0069007454
       5781.4871   -0.0069157351
       5781.9871   -0.0069141718
       5782.4871   -0.0069121689
       5782.9871   -0.0069101659
       5783.4871   -0.0068919620
       5783.9871   -0.0068733276
       5784.4871   -0.0068546932
       5784.9871   -0.0068202607
       5785.4871   -0.0067854084
       5785.9871   -0.0067505561
       5786.4871   -0.0067003938
       5786.9871   -0.0066498246
       5787.4871   -0.0065992555
       5787.9871   -0.0065336384
       5788.4871   -0.0064676214
       5788.9871   -0.0064016044
       5789.4871   -0.0063208265
       5789.9871   -0.0062396565
       5790.4871   -0.0061584865
       5790.9871   -0.0060632025
       5791.4871   -0.0059675436
       5791.9871   -0.0058718846
       5792.4871   -0.0057628558
       5792.9871   -0.0056534718
       5793.4871   -0.0055440878
       5793.9871   -0.0054222120
       5794.4871   -0.0053000043
       5794.9871   -0.0051777966
       5795.4871   -0.0050439274
       5795.9871   -0.0049097483
       5796.4871   -0.0047755693
       5796.9871   -0.0046305710
       5797.4871   -0.0044852853
       5797.9871   -0.0043399996
       5798.4871   -0.0041848020
       5798.9871   -0.0040293410
       5799.4871   -0.0038738801
       5799.9871   -0.0037094751
       5800.4871   -0.0035448325
       5800.9871   -0.0033801899
       5801.4871   -0.0032075619
       5801.9871   -0.0030347219
       5802.4871   -0.0028618819
       5802.9871   -0.0026819762
       5803.4871   -0.0025018829
       5803.9871   -0.0023217896
       5804.4871   -0.0021354904
       5804.9871   -0.0019490265
       5805.4871   -0.0017625625
       5805.9871   -0.0015708805
       5806.4871   -0.0013790598
       5806.9871   -0.0011872391
       5807.4871  -0.00099140878
       5807.9871  -0.00079547192
       5808.4871  -0.00059953505
       5808.9871  -0.00040061600
       5809.4871  -0.00020161773
       5809.9871  -2.6194543e-06
       5810.4871   0.00019844614
       5810.9871   0.00039956665
       5811.4871   0.00060068716
       5811.9871   0.00080284332
       5812.4871    0.0010050270
       5812.9871    0.0012072107
       5813.4871    0.0014095132
       5813.9871    0.0016118189
       5814.4871    0.0018141245
       5814.9871    0.0020157925
       5815.4871    0.0022174435
       5815.9871    0.0024190945
       5816.4871    0.0026194165
       5816.9871    0.0028197031
       5817.4871    0.0030199898
       5817.9871    0.0032181799
       5818.4871    0.0034163142
       5818.9871    0.0036144486
       5819.4871    0.0038096533
       5819.9871    0.0040047802
       5820.4871    0.0041999071
       5820.9871    0.0043913302
       5821.4871    0.0045826549
       5821.9871    0.0047739796
       5822.4871    0.0049609633
       5822.9871    0.0051478316
       5823.4871    0.0053346999
       5823.9871    0.0055167065
       5824.4871    0.0056985838
       5824.9871    0.0058804612
       5825.4871    0.0060571393
       5825.9871    0.0062336792
       5826.4871    0.0064102192
       5826.9871    0.0065812937
       5827.4871    0.0067522231
       5827.9871    0.0069231525
       5828.4871    0.0070882065
       5828.9871    0.0072531045
       5829.4871    0.0074180024
       5829.9871    0.0075766626
       5830.4871    0.0077351571
       5830.9871    0.0078936516
       5831.4871    0.0080457189
       5831.9871    0.0081976154
       5832.4871    0.0083495120
       5832.9871    0.0084949591
       5833.4871    0.0086402348
       5833.9871    0.0087855106
       5834.4871    0.0089243902
       5834.9871    0.0090630998
       5835.4871    0.0092018094
       5835.9871    0.0093341631
       5836.4871    0.0094663479
       5836.9871    0.0095985326
       5837.4871    0.0097244676
       5837.9871    0.0098502365
       5838.4871    0.0099760054
       5838.9871     0.010095729
       5839.4871     0.010215292
       5839.9871     0.010334856
       5840.4871     0.010448616
       5840.9871     0.010562223
       5841.4871     0.010675830
       5841.9871     0.010783956
       5842.4871     0.010891936
       5842.9871     0.010999916
       5843.4871     0.011102720
       5843.9871     0.011205386
       5844.4871     0.011308053
       5844.9871     0.011405975
       5845.4871     0.011503772
       5845.9871     0.011601569
       5846.4871     0.011695066
       5846.9871     0.011788450
       5847.4871     0.011881833
       5847.9871     0.011971294
       5848.4871     0.012060651
       5848.9871     0.012150007
       5849.4871     0.012235906
       5849.9871     0.012321713
       5850.4871     0.012407520
       5850.9871     0.012490417
       5851.4871     0.012573237
       5851.9871     0.012656057
       5852.4871     0.012736591
       5852.9871     0.012817064
       5853.4871     0.012897538
       5853.9871     0.012976400
       5854.4871     0.013055220
       5854.9871     0.013134040
       5855.4871     0.013211918
       5855.9871     0.013289772
       5856.4871     0.013367626
       5856.9871     0.013445131
       5857.4871     0.013522628
       5857.9871     0.013600125
       5858.4871     0.013677800
       5858.9871     0.013755480
       5859.4871     0.013833160
       5859.9871     0.013911590
       5860.4871     0.013990040
       5860.9871     0.014068490
       5861.4871     0.014148271
       5861.9871     0.014228088
       5862.4871     0.014307904
       5862.9871     0.014389643
       5863.4871     0.014471433
       5863.9871     0.014553223
       5864.4871     0.014637468
       5864.9871     0.014721778
       5865.4871     0.014806088
       5865.9871     0.014893282
       5866.4871     0.014980551
       5866.9871     0.015067821
       5867.4871     0.015158407
       5867.9871     0.015249080
       5868.4871     0.015339753
       5868.9871     0.015434102
       5869.4871     0.015528549
       5869.9871     0.015622995
       5870.4871     0.015721501
       5870.9871     0.015820114
       5871.4871     0.015918728
       5871.9871     0.016021917
       5872.4871     0.016125227
       5872.9871     0.016228537
       5873.4871     0.016336987
       5873.9871     0.016445574
       5874.4871     0.016554161
       5874.9871     0.016668221
       5875.4871     0.016782428
       5875.9871     0.016896634
       5876.4871     0.017016475
       5876.9871     0.017136465
       5877.4871     0.017256455
       5877.9871     0.017382238
       5878.4871     0.017508175
       5878.9871     0.017634111
       5879.4871     0.017766094
       5879.9871     0.017898237
       5880.4871     0.018030381
       5880.9871     0.018168833
       5881.4871     0.018307453
       5881.9871     0.018446073
       5882.4871     0.018591213
       5882.9871     0.018736526
       5883.4871     0.018881839
       5883.9871     0.019033779
       5884.4871     0.019185896
       5884.9871     0.019338013
       5885.4871     0.019496822
       5885.9871     0.019655808
       5886.4871     0.019814795
       5886.9871     0.019980510
       5887.4871     0.020146403
       5887.9871     0.020312296
       5888.4871     0.020484908
       5888.9871     0.020657698
       5889.4871     0.020830488
       5889.9871     0.021009955
       5890.4871     0.021189598
       5890.9871     0.021369241
       5891.4871     0.021555512
       5891.9871     0.021741958
       5892.4871     0.021928405
       5892.9871     0.022121528
       5893.4871     0.022314828
       5893.9871     0.022508128
       5894.4871     0.022708082
       5894.9871     0.022908212
       5895.4871     0.023108342
       5895.9871     0.023315030
       5896.4871     0.023521893
       5896.9871     0.023728756
       5897.4871     0.023942133
       5897.9871     0.024155684
       5898.4871     0.024369234
       5898.9871     0.024589158
       5899.4871     0.024809251
       5899.9871     0.025029345
       5900.4871     0.025255685
       5900.9871     0.025482191
       5901.4871     0.025708698
       5901.9871     0.025941481
       5902.4871     0.026174432
       5902.9871     0.026407382
       5903.4871     0.026646745
       5903.9871     0.026886278
       5904.4871     0.027125811
       5904.9871     0.027371891
       5905.4871     0.027618144
       5905.9871     0.027864398
       5906.4871     0.028117204
       5906.9871     0.028370184
       5907.4871     0.028623164
       5907.9871     0.028882683
       5908.4871     0.029142377
       5908.9871     0.029402070
       5909.4871     0.029668400
       5909.9871     0.029934907
       5910.4871     0.030201413
       5910.9871     0.030474758
       5911.4871     0.030748284
       5911.9871     0.031021811
       5912.4871     0.031302461
       5912.9871     0.031583301
       5913.4871     0.031864140
       5913.9871     0.032152450
       5914.4871     0.032440957
       5914.9871     0.032729465
       5915.4871     0.033025852
       5915.9871     0.033322448
       5916.4871     0.033619045
       5916.9871     0.033923921
       5917.4871     0.034229017
       5917.9871     0.034534114
       5918.4871     0.034847873
       5918.9871     0.035161863
       5919.4871     0.035475853
       5919.9871     0.035798936
       5920.4871     0.036122260
       5920.9871     0.036445584
       5921.4871     0.036778551
       5921.9871     0.037111775
       5922.4871     0.037444998
       5922.9871     0.037788566
       5923.4871     0.038132409
       5923.9871     0.038476253
       5924.4871     0.038831123
       5924.9871     0.039186285
       5925.4871     0.039541448
       5925.9871     0.039908172
       5926.4871     0.040275202
       5926.9871     0.040642233
       5927.4871     0.041021293
       5927.9871     0.041400673
       5928.4871     0.041780053
       5928.9871     0.042171946
       5929.4871     0.042564172
       5929.9871     0.042956398
       5930.4871     0.043361685
       5930.9871     0.043767320
       5931.4871     0.044172954
       5931.9871     0.044592219
       5932.4871     0.045011845
       5932.9871     0.045431472
       5933.4871     0.045865226
       5933.9871     0.046299355
       5934.4871     0.046733484
       5934.9871     0.047182064
       5935.4871     0.047631027
       5935.9871     0.048079990
       5936.4871     0.048543686
       5936.9871     0.049007772
       5937.4871     0.049471859
       5937.9871     0.049951042
       5938.4871     0.050430626
       5938.9871     0.050910210
       5939.4871     0.051404943
       5939.9871     0.051900079
       5940.4871     0.052395215
       5940.9871     0.052905346
       5941.4871     0.053415876
       5941.9871     0.053926406
       5942.4871     0.054451734
       5942.9871     0.054977454
       5943.4871     0.055503174
       5943.9871     0.056043282
       5944.4871     0.056583772
       5944.9871     0.057124262
       5945.4871     0.057678630
       5945.9871     0.058233367
       5946.4871     0.058788103
       5946.9871     0.059356053
       5947.4871     0.059924353
       5947.9871     0.060492654
       5948.4871     0.061073312
       5948.9871     0.061654298
       5949.4871     0.062235285
       5949.9871     0.062827488
       5950.4871     0.063419989
       5950.9871     0.064012490
       5951.4871     0.064614885
       5951.9871     0.065217543
       5952.4871     0.065820200
       5952.9871     0.066431296
       5953.4871     0.067042616
       5953.9871     0.067653936
       5954.4871     0.068272069
       5954.9871     0.068890383
       5955.4871     0.069508697
       5955.9871     0.070131931
       5956.4871     0.070755296
       5956.9871     0.071378662
       5957.4871     0.072004913
       5957.9871     0.072631241
       5958.4871     0.073257569
       5958.9871     0.073884505
       5959.4871     0.074511456
       5959.9871     0.075138408
       5960.4871     0.075763445
       5960.9871     0.076388432
       5961.4871     0.077013419
       5961.9871     0.077633827
       5962.4871     0.078254112
       5962.9871     0.078874398
       5963.4871     0.079487491
       5963.9871     0.080100393
       5964.4871     0.080713295
       5964.9871     0.081316342
       5965.4871     0.081919126
       5965.9871     0.082521910
       5966.4871     0.083111974
       5966.9871     0.083701700
       5967.4871     0.084291426
       5967.9871     0.084865448
       5968.4871     0.085439053
       5968.9871     0.086012659
       5969.4871     0.086567556
       5969.9871     0.087121956
       5970.4871     0.087676356
       5970.9871     0.088209160
       5971.4871     0.088741390
       5971.9871     0.089273619
       5972.4871     0.089781451
       5972.9871     0.090288634
       5973.4871     0.090795818
       5973.9871     0.091275825
       5974.4871     0.091755111
       5974.9871     0.092234397
       5975.4871     0.092683740
       5975.9871     0.093132287
       5976.4871     0.093580835
       5976.9871     0.093996802
       5977.4871     0.094411903
       5977.9871     0.094827005
       5978.4871     0.095207040
       5978.9871     0.095586143
       5979.4871     0.095965246
       5979.9871     0.096306966
       5980.4871     0.096647694
       5980.9871     0.096988421
       5981.4871     0.097289703
       5981.9871     0.097589936
       5982.4871     0.097890170
       5982.9871     0.098149162
       5983.4871     0.098407059
       5983.9871     0.098664956
       5984.4871     0.098880076
       5984.9871     0.099094059
       5985.4871     0.099308042
       5985.9871     0.099477929
       5986.4871     0.099646645
       5986.9871     0.099815361
       5987.4871     0.099938919
       5987.9871      0.10006128
       5988.4871      0.10018364
       5988.9871      0.10026009
       5989.4871      0.10033532
       5989.9871      0.10041056
       5990.4871      0.10043948
       5990.9871      0.10046718
       5991.4871      0.10049488
       5991.9871      0.10047621
       5992.4871      0.10045631
       5992.9871      0.10043641
       5993.4871      0.10037037
       5993.9871      0.10030311
       5994.4871      0.10023584
       5994.9871      0.10012313
       5995.4871      0.10000920
       5995.9871     0.099895281
       5996.4871     0.099736840
       5996.9871     0.099577217
       5997.4871     0.099417593
       5997.9871     0.099214718
       5998.4871     0.099010693
       5998.9871     0.098806669
       5999.4871     0.098560862
       5999.9871     0.098313945
       6000.4871     0.098067028
       6000.9871     0.097780055
       6001.4871     0.097492018
       6001.9871     0.097203981
       6002.4871     0.096877925
       6002.9871     0.096550860
       6003.4871     0.096223794
       6003.9871     0.095861064
       6004.4871     0.095497386
       6004.9871     0.095133708
       6005.4871     0.094736967
       6005.9871     0.094339347
       6006.4871     0.093941727
       6006.9871     0.093513863
       6007.4871     0.093085197
       6007.9871     0.092656530
       6008.4871     0.092200637
       6008.9871     0.091744021
       6009.4871     0.091287404
       6009.9871     0.090806702
       6010.4871     0.090325360
       6010.9871     0.089844017
       6011.4871     0.089341824
       6011.9871     0.088839076
       6012.4871     0.088336328
       6012.9871     0.087816036
       6013.4871     0.087295277
       6013.9871     0.086774519
       6014.4871     0.086239688
       6014.9871     0.085704483
       6015.4871     0.085169278
       6015.9871     0.084623532
       6016.4871     0.084077507
       6016.9871     0.083531481
       6017.4871     0.082978333
       6017.9871     0.082424996
       6018.4871     0.081871658
       6018.9871     0.081314535
       6019.4871     0.080757311
       6019.9871     0.080200087
       6020.4871     0.079642338
       6020.9871     0.079084575
       6021.4871     0.078526812
       6021.9871     0.077971745
       6022.4871     0.077416748
       6022.9871     0.076861752
       6023.4871     0.076312685
       6023.9871     0.075763776
       6024.4871     0.075214867
       6024.9871     0.074674948
       6025.4871     0.074135268
       6025.9871     0.073595587
       6026.4871     0.073067737
       6026.9871     0.072540201
       6027.4871     0.072012665
       6027.9871     0.071499698
       6028.4871     0.070987118
       6028.9871     0.070474538
       6029.4871     0.069979159
       6029.9871     0.069484237
       6030.4871     0.068989315
       6030.9871     0.068514165
       6031.4871     0.068039541
       6031.9871     0.067564916
       6032.4871     0.067112406
       6032.9871     0.066660484
       6033.4871     0.066208562
       6033.9871     0.065780929
       6034.4871     0.065353941
       6034.9871     0.064926953
       6035.4871     0.064526199
       6035.9871     0.064126143
       6036.4871     0.063726087
       6036.9871     0.063354026
       6037.4871     0.062982709
       6037.9871     0.062611392
       6038.4871     0.062269626
       6038.9871     0.061928645
       6039.4871     0.061587664
       6039.9871     0.061277622
       6040.4871     0.060968402
       6040.9871     0.060659182
       6041.4871     0.060382209
       6041.9871     0.060106093
       6042.4871     0.059829977
       6042.9871     0.059587318
       6043.4871     0.059345548
       6043.9871     0.059103778
       6044.4871     0.058896544
       6044.9871     0.058690227
       6045.4871     0.058483911
       6045.9871     0.058312990
       6046.4871     0.058143010
       6046.9871     0.057973030
       6047.4871     0.057838992
       6047.9871     0.057705908
       6048.4871     0.057572825
       6048.9871     0.057476157
       6049.4871     0.057380457
       6049.9871     0.057284757
       6050.4871     0.057226226
       6050.9871     0.057168683
       6051.4871     0.057111139
       6051.9871     0.057091359
       6052.4871     0.057072583
       6052.9871     0.057053806
       6053.4871     0.057073199
       6053.9871     0.057093606
       6054.4871     0.057114013
       6054.9871     0.057172933
       6055.4871     0.057232875
       6055.9871     0.057292818
       6056.4871     0.057391619
       6056.9871     0.057491453
       6057.4871     0.057591287
       6057.9871     0.057730368
       6058.4871     0.057870491
       6058.9871     0.058010614
       6059.4871     0.058190426
       6059.9871     0.058371293
       6060.4871     0.058552159
       6060.9871     0.058773237
       6061.4871     0.058995384
       6061.9871     0.059217530
       6062.4871     0.059480360
       6062.9871     0.059744271
       6063.4871     0.060008182
       6063.9871     0.060313095
       6064.4871     0.060619098
       6064.9871     0.060925101
       6065.4871     0.061272456
       6065.9871     0.061620910
       6066.4871     0.061969364
       6066.9871     0.062359855
       6067.4871     0.062751464
       6067.9871     0.063143073
       6068.4871     0.063577351
       6068.9871     0.064012763
       6069.4871     0.064448175
       6069.9871     0.064926817
       6070.4871     0.065406607
       6070.9871     0.065886397
       6071.4871     0.066410162
       6071.9871     0.066935095
       6072.4871     0.067460028
       6072.9871     0.068029761
       6073.4871     0.068600684
       6073.9871     0.069171607
       6074.4871     0.069788126
       6074.9871     0.070405856
       6075.4871     0.071023586
       6075.9871     0.071687488
       6076.4871     0.072352616
       6076.9871     0.073017744
       6077.4871     0.073729692
       6077.9871     0.074442884
       6078.4871     0.075156076
       6078.9871     0.075916983
       6079.4871     0.076679158
       6079.9871     0.077441332
       6080.4871     0.078252194
       6080.9871     0.079064350
       6081.4871     0.079876505
       6081.9871     0.080738164
       6082.4871     0.081601137
       6082.9871     0.082464110
       6083.4871     0.083377160
       6083.9871     0.084291540
       6084.4871     0.085205920
       6084.9871     0.086170749
       6085.4871     0.087136918
       6085.9871     0.088103087
       6086.4871     0.089120057
       6086.9871     0.090138378
       6087.4871     0.091156698
       6087.9871     0.092226259
       6088.4871     0.093297180
       6088.9871     0.094368102
       6089.4871     0.095490508
       6089.9871     0.096614281
       6090.4871     0.097738055
       6090.9871     0.098913180
       6091.4871      0.10008967
       6091.9871      0.10126616
       6092.4871      0.10249360
       6092.9871      0.10372240
       6093.4871      0.10495120
       6093.9871      0.10623027
       6094.4871      0.10751067
       6094.9871      0.10879107
       6095.4871      0.11012105
       6095.9871      0.11145235
       6096.4871      0.11278365
       6096.9871      0.11416356
       6097.4871      0.11554476
       6097.9871      0.11692596
       6098.4871      0.11835443
       6098.9871      0.11978417
       6099.4871      0.12121390
       6099.9871      0.12268915
       6100.4871      0.12416562
       6100.9871      0.12564209
       6101.4871      0.12716203
       6101.9871      0.12868313
       6102.4871      0.13020423
       6102.9871      0.13176673
       6103.4871      0.13333033
       6103.9871      0.13489393
       6104.4871      0.13649604
       6104.9871      0.13809918
       6105.4871      0.13970232
       6105.9871      0.14134084
       6106.4871      0.14298031
       6106.9871      0.14461977
       6107.4871      0.14629119
       6107.9871      0.14796346
       6108.4871      0.14963573
       6108.9871      0.15133615
       6109.4871      0.15303731
       6109.9871      0.15473848
       6110.4871      0.15646364
       6110.9871      0.15818944
       6111.4871      0.15991524
       6111.9871      0.16166046
       6112.4871      0.16340619
       6112.9871      0.16515193
       6113.4871      0.16691221
       6113.9871      0.16867287
       6114.4871      0.17043354
       6114.9871      0.17220349
       6115.4871      0.17397369
       6115.9871      0.17574389
       6116.4871      0.17751805
       6116.9871      0.17929232
       6117.4871      0.18106658
       6117.9871      0.18283926
       6118.4871      0.18461189
       6118.9871      0.18638452
       6119.4871      0.18814972
       6119.9871      0.18991472
       6120.4871      0.19167973
       6120.9871      0.19343132
       6121.4871      0.19518255
       6121.9871      0.19693379
       6122.4871      0.19866560
       6122.9871      0.20039689
       6123.4871      0.20212819
       6123.9871      0.20383407
       6124.4871      0.20553926
       6124.9871      0.20724446
       6125.4871      0.20891791
       6125.9871      0.21059051
       6126.4871      0.21226311
       6126.9871      0.21389788
       6127.4871      0.21553165
       6127.9871      0.21716542
       6128.4871      0.21875554
       6128.9871      0.22034451
       6129.4871      0.22193348
       6129.9871      0.22347303
       6130.4871      0.22501126
       6130.9871      0.22654950
       6131.4871      0.22803266
       6131.9871      0.22951436
       6132.4871      0.23099605
       6132.9871      0.23241739
       6133.4871      0.23383712
       6133.9871      0.23525686
       6134.4871      0.23661126
       6134.9871      0.23796393
       6135.4871      0.23931659
       6135.9871      0.24059961
       6136.4871      0.24188078
       6136.9871      0.24316195
       6137.4871      0.24436940
       6137.9871      0.24557490
       6138.4871      0.24678040
       6138.9871      0.24790868
       6139.4871      0.24903491
       6139.9871      0.25016114
       6140.4871      0.25120718
       6140.9871      0.25225108
       6141.4871      0.25329499
       6141.9871      0.25425651
       6142.4871      0.25521583
       6142.9871      0.25617516
       6143.4871      0.25705053
       6143.9871      0.25792367
       6144.4871      0.25879681
       6144.9871      0.25958522
       6145.4871      0.26037139
       6145.9871      0.26115755
       6146.4871      0.26185871
       6146.9871      0.26255762
       6147.4871      0.26325652
       6147.9871      0.26387087
       6148.4871      0.26448297
       6148.9871      0.26509507
       6149.4871      0.26562410
       6149.9871      0.26615093
       6150.4871      0.26667775
       6150.9871      0.26712361
       6151.4871      0.26756732
       6151.9871      0.26801102
       6152.4871      0.26837657
       6152.9871      0.26874004
       6153.4871      0.26910351
       6153.9871      0.26939239
       6154.4871      0.26967928
       6154.9871      0.26996618
       6155.4871      0.27018298
       6155.9871      0.27039791
       6156.4871      0.27061285
       6156.9871      0.27076299
       6157.4871      0.27091142
       6157.9871      0.27105984
       6158.4871      0.27114922
       6158.9871      0.27123703
       6159.4871      0.27132484
       6159.9871      0.27136026
       6160.4871      0.27139430
       6160.9871      0.27142833
       6161.4871      0.27141712
       6161.9871      0.27140472
       6162.4871      0.27139231
       6162.9871      0.27134251
       6163.4871      0.27129172
       6163.9871      0.27124092
       6164.4871      0.27116096
       6164.9871      0.27108023
       6165.4871      0.27099949
       6165.9871      0.27089837
       6166.4871      0.27079670
       6166.9871      0.27069504
       6167.4871      0.27058214
       6167.9871      0.27046894
       6168.4871      0.27035574
       6168.9871      0.27024072
       6169.4871      0.27012565
       6169.9871      0.27001059
       6170.4871      0.26990331
       6170.9871      0.26979624
       6171.4871      0.26968917
       6171.9871      0.26959980
       6172.4871      0.26951090
       6172.9871      0.26942200
       6173.4871      0.26936060
       6173.9871      0.26929993
       6174.4871      0.26923927
       6174.9871      0.26921601
       6175.4871      0.26919375
       6175.9871      0.26917149
       6176.4871      0.26919630
       6176.9871      0.26922237
       6177.4871      0.26924844
       6177.9871      0.26933110
       6178.4871      0.26941526
       6178.9871      0.26949942
       6179.4871      0.26964940
       6179.9871      0.26980114
       6180.4871      0.26995287
       6180.9871      0.27017939
       6181.4871      0.27040789
       6181.9871      0.27063640
       6182.4871      0.27094789
       6182.9871      0.27126159
       6183.4871      0.27157529
       6183.9871      0.27197971
       6184.4871      0.27238654
       6184.9871      0.27279337
       6185.4871      0.27329811
       6185.9871      0.27380544
       6186.4871      0.27431278
       6186.9871      0.27492440
       6187.4871      0.27553880
       6187.9871      0.27615319
       6188.4871      0.27687744
       6188.9871      0.27760461
       6189.4871      0.27833177
       6189.9871      0.27917350
       6190.4871      0.28001826
       6190.9871      0.28086303
       6191.4871      0.28182625
       6191.9871      0.28279262
       6192.4871      0.28375899
       6192.9871      0.28484637
       6193.4871      0.28593697
       6193.9871      0.28702757
       6194.4871      0.28824091
       6194.9871      0.28945751
       6195.4871      0.29067411
       6195.9871      0.29201420
       6196.4871      0.29335757
       6196.9871      0.29470093
       6197.4871      0.29616769
       6197.9871      0.29763772
       6198.4871      0.29910775
       6198.9871      0.30069971
       6199.4871      0.30229490
       6199.9871      0.30389010
       6200.4871      0.30560480
       6200.9871      0.30732268
       6201.4871      0.30904055
       6201.9871      0.31087434
       6202.4871      0.31271121
       6202.9871      0.31454807
       6203.4871      0.31649654
       6203.9871      0.31844796
       6204.4871      0.32039939
       6204.9871      0.32245664
       6205.4871      0.32451671
       6205.9871      0.32657677
       6206.4871      0.32873591
       6206.9871      0.33089768
       6207.4871      0.33305945
       6207.9871      0.33531256
       6208.4871      0.33756809
       6208.9871      0.33982362
       6209.4871      0.34216199
       6209.9871      0.34450256
       6210.4871      0.34684314
       6210.9871      0.34925709
       6211.4871      0.35167298
       6211.9871      0.35408888
       6212.4871      0.35656800
       6212.9871      0.35904881
       6213.4871      0.36152961
       6213.9871      0.36406288
       6214.4871      0.36659753
       6214.9871      0.36913219
       6215.4871      0.37170781
       6215.9871      0.37428452
       6216.4871      0.37686123
       6216.9871      0.37946685
       6217.4871      0.38207325
       6217.9871      0.38467964
       6218.4871      0.38730283
       6218.9871      0.38992647
       6219.4871      0.39255010
       6219.9871      0.39517786
       6220.4871      0.39780573
       6220.9871      0.40043360
       6221.4871      0.40305290
       6221.9871      0.40567197
       6222.4871      0.40829103
       6222.9871      0.41088843
       6223.4871      0.41348526
       6223.9871      0.41608209
       6224.4871      0.41864428
       6224.9871      0.42120555
       6225.4871      0.42376682
       6225.9871      0.42628058
       6226.4871      0.42879307
       6226.9871      0.43130557
       6227.4871      0.43375806
       6227.9871      0.43620897
       6228.4871      0.43865987
       6228.9871      0.44103865
       6229.4871      0.44341551
       6229.9871      0.44579238
       6230.4871      0.44808537
       6230.9871      0.45037614
       6231.4871      0.45266690
       6231.9871      0.45486253
       6232.4871      0.45705564
       6232.9871      0.45924874
       6233.4871      0.46133634
       6233.9871      0.46342115
       6234.4871      0.46550595
       6234.9871      0.46747557
       6235.4871      0.46944214
       6235.9871      0.47140870
       6236.4871      0.47325130
       6236.9871      0.47509060
       6237.4871      0.47692990
       6237.9871      0.47863727
       6238.4871      0.48034114
       6238.9871      0.48204501
       6239.4871      0.48361000
       6239.9871      0.48517131
       6240.4871      0.48673261
       6240.9871      0.48814902
       6241.4871      0.48956158
       6241.9871      0.49097414
       6242.4871      0.49223692
       6242.9871      0.49349572
       6243.4871      0.49475452
       6243.9871      0.49585990
       6244.4871      0.49696121
       6244.9871      0.49806251
       6245.4871      0.49900755
       6245.9871      0.49994844
       6246.4871      0.50088933
       6246.9871      0.50167226
       6247.4871      0.50245100
       6247.9871      0.50322973
       6248.4871      0.50385007
       6248.9871      0.50446621
       6249.4871      0.50508234
       6249.9871      0.50554070
       6250.4871      0.50599486
       6250.9871      0.50644903
       6251.4871      0.50674721
       6251.9871      0.50704124
       6252.4871      0.50733527
       6252.9871      0.50747595
       6253.4871      0.50761257
       6253.9871      0.50774918
       6254.4871      0.50773609
       6254.9871      0.50771902
       6255.4871      0.50770196
       6255.9871      0.50753974
       6256.4871      0.50737366
       6256.9871      0.50720758
       6257.4871      0.50690186
       6257.9871      0.50659243
       6258.4871      0.50628301
       6258.9871      0.50584019
       6259.4871      0.50539383
       6259.9871      0.50494747
       6260.4871      0.50437459
       6260.9871      0.50379836
       6261.4871      0.50322212
       6261.9871      0.50252685
       6262.4871      0.50182843
       6262.9871      0.50113000
       6263.4871      0.50032070
       6263.9871      0.49950846
       6264.4871      0.49869622
       6264.9871      0.49778150
       6265.4871      0.49686407
       6265.9871      0.49594664
       6266.4871      0.49493559
       6266.9871      0.49392207
       6267.4871      0.49290854
       6267.9871      0.49181019
       6268.4871      0.49070959
       6268.9871      0.48960899
       6269.4871      0.48843263
       6269.9871      0.48725426
       6270.4871      0.48607589
       6270.9871      0.48483086
       6271.4871      0.48358406
       6271.9871      0.48233726
       6272.4871      0.48103276
       6272.9871      0.47972673
       6273.4871      0.47842071
       6273.9871      0.47706577
       6274.4871      0.47570954
       6274.9871      0.47435330
       6275.4871      0.47295654
       6275.9871      0.47155870
       6276.4871      0.47016087
       6276.9871      0.46873096
       6277.4871      0.46730020
       6277.9871      0.46586944
       6278.4871      0.46441438
       6278.9871      0.46295868
       6279.4871      0.46150297
       6279.9871      0.46003049
       6280.4871      0.45855756
       6280.9871      0.45708463
       6281.4871      0.45560166
       6281.9871      0.45411843
       6282.4871      0.45263520
       6282.9871      0.45114790
       6283.4871      0.44966050
       6283.9871      0.44817309
       6284.4871      0.44668719
       6284.9871      0.44520133
       6285.4871      0.44371546
       6285.9871      0.44223589
       6286.4871      0.44075648
       6286.9871      0.43927707
       6287.4871      0.43780804
       6287.9871      0.43633928
       6288.4871      0.43487052
       6288.9871      0.43341532
       6289.4871      0.43196048
       6289.9871      0.43050564
       6290.4871      0.42906698
       6290.9871      0.42762875
       6291.4871      0.42619052
       6291.9871      0.42477034
       6292.4871      0.42335064
       6292.9871      0.42193093
       6293.4871      0.42053053
       6293.9871      0.41913063
       6294.4871      0.41773074
       6294.9871      0.41635045
       6295.4871      0.41497068
       6295.9871      0.41359091
       6296.4871      0.41223066
       6296.9871      0.41087093
       6297.4871      0.40951120
       6297.9871      0.40817049
       6298.4871      0.40683029
       6298.9871      0.40549009
       6299.4871      0.40416779
       6299.9871      0.40284595
       6300.4871      0.40152412
       6300.9871      0.40021829
       6301.4871      0.39891289
       6301.9871      0.39760749
       6302.4871      0.39631586
       6302.9871      0.39502460
       6303.4871      0.39373333
       6303.9871      0.39245329
       6304.4871      0.39117355
       6304.9871      0.38989381
       6305.4871      0.38862229
       6305.9871      0.38735099
       6306.4871      0.38607970
       6306.9871      0.38481333
       6307.4871      0.38354710
       6307.9871      0.38228087
       6308.4871      0.38101603
       6308.9871      0.37975123
       6309.4871      0.37848643
       6309.9871      0.37721933
       6310.4871      0.37595216
       6310.9871      0.37468500
       6311.4871      0.37341185
       6311.9871      0.37213855
       6312.4871      0.37086525
       6312.9871      0.36958256
       6313.4871      0.36829963
       6313.9871      0.36701670
       6314.4871      0.36572098
       6314.9871      0.36442492
       6315.4871      0.36312885
       6315.9871      0.36181645
       6316.4871      0.36050360
       6316.9871      0.35919076
       6317.4871      0.35785809
       6317.9871      0.35652490
       6318.4871      0.35519170
       6318.9871      0.35383548
       6319.4871      0.35247865
       6319.9871      0.35112182
       6320.4871      0.34973907
       6320.9871      0.34835564
       6321.4871      0.34697221
       6321.9871      0.34556072
       6322.4871      0.34414849
       6322.9871      0.34273625
       6323.4871      0.34129430
       6323.9871      0.33985156
       6324.4871      0.33840882
       6324.9871      0.33693485
       6325.4871      0.33546006
       6325.9871      0.33398526
       6326.4871      0.33247767
       6326.9871      0.33096920
       6327.4871      0.32946074
       6327.9871      0.32791814
       6328.4871      0.32637464
       6328.9871      0.32483114
       6329.4871      0.32325287
       6329.9871      0.32167367
       6330.4871      0.32009448
       6330.9871      0.31848043
       6331.4871      0.31686546
       6331.9871      0.31525050
       6332.4871      0.31360101
       6332.9871      0.31195061
       6333.4871      0.31030021
       6333.9871      0.30861640
       6334.4871      0.30693170
       6334.9871      0.30524701
       6335.4871      0.30353055
       6335.9871      0.30181325
       6336.4871      0.30009595
       6336.9871      0.29834862
       6337.4871      0.29660048
       6337.9871      0.29485235
       6338.4871      0.29307623
       6338.9871      0.29129936
       6339.4871      0.28952250
       6339.9871      0.28772008
       6340.4871      0.28591698
       6340.9871      0.28411388
       6341.4871      0.28228795
       6341.9871      0.28046141
       6342.4871      0.27863488
       6342.9871      0.27678889
       6343.4871      0.27494239
       6343.9871      0.27309589
       6344.4871      0.27123367
       6344.9871      0.26937104
       6345.4871      0.26750840
       6345.9871      0.26563395
       6346.4871      0.26375918
       6346.9871      0.26188442
       6347.4871      0.26000189
       6347.9871      0.25811916
       6348.4871      0.25623643
       6348.9871      0.25435022
       6349.4871      0.25246393
       6349.9871      0.25057763
       6350.4871      0.24869249
       6350.9871      0.24680738
       6351.4871      0.24492228
       6351.9871      0.24304306
       6352.4871      0.24116399
       6352.9871      0.23928492
       6353.4871      0.23741618
       6353.9871      0.23554772
       6354.4871      0.23367925
       6354.9871      0.23182572
       6355.4871      0.22997259
       6355.9871      0.22811945
       6356.4871      0.22628587
       6356.9871      0.22445280
       6357.4871      0.22261973
       6357.9871      0.22081092
       6358.4871      0.21900276
       6358.9871      0.21719459
       6359.4871      0.21541548
       6359.9871      0.21363715
       6360.4871      0.21185882
       6360.9871      0.21011399
       6361.4871      0.20837006
       6361.9871      0.20662613
       6362.4871      0.20492022
       6362.9871      0.20321532
       6363.4871      0.20151043
       6363.9871      0.19984787
       6364.4871      0.19818643
       6364.9871      0.19652500
       6365.4871      0.19491023
       6365.9871      0.19329669
       6366.4871      0.19168316
       6366.9871      0.19012022
       6367.4871      0.18855861
       6367.9871      0.18699701
       6368.4871      0.18548983
       6368.9871      0.18398410
       6369.4871      0.18247837
       6369.9871      0.18103053
       6370.4871      0.17958423
       6370.9871      0.17813793
       6371.4871      0.17675286
       6371.9871      0.17536943
       6372.4871      0.17398600
       6372.9871      0.17266682
       6373.4871      0.17134936
       6373.9871      0.17003189
       6374.4871      0.16878141
       6374.9871      0.16753272
       6375.4871      0.16628402
       6375.9871      0.16510468
       6376.4871      0.16392718
       6376.9871      0.16274968
       6377.4871      0.16164345
       6377.9871      0.16053911
       6378.4871      0.15943478
       6378.9871      0.15840357
       6379.4871      0.15737430
       6379.9871      0.15634503
       6380.4871      0.15539035
       6380.9871      0.15443765
       6381.4871      0.15348495
       6381.9871      0.15260768
       6382.4871      0.15173242
       6382.9871      0.15085715
       6383.4871      0.15005803
       6383.9871      0.14926093
       6384.4871      0.14846384
       6384.9871      0.14774333
       6385.4871      0.14702486
       6385.9871      0.14630639
       6386.4871      0.14566449
       6386.9871      0.14502463
       6387.4871      0.14438476
       6387.9871      0.14382087
       6388.4871      0.14325901
       6388.9871      0.14269714
       6389.4871      0.14221028
       6389.9871      0.14172542
       6390.4871      0.14124055
       6390.9871      0.14082939
       6391.4871      0.14042019
       6391.9871      0.14001099
       6392.4871      0.13967394
       6392.9871      0.13933881
       6393.4871      0.13900368
       6393.9871      0.13873874
       6394.4871      0.13847567
       6394.9871      0.13821260
       6395.4871      0.13801756
       6395.9871      0.13782433
       6396.4871      0.13763110
       6396.9871      0.13750326
       6397.4871      0.13737716
       6397.9871      0.13725106
       6398.4871      0.13718728
       6398.9871      0.13712514
       6399.4871      0.13706301
       6399.9871      0.13705987
       6400.4871      0.13705830
       6400.9871      0.13705673
       6401.4871      0.13711043
       6401.9871      0.13716560
       6402.4871      0.13722077
       6402.9871      0.13732724
       6403.4871      0.13743508
       6403.9871      0.13754291
       6404.4871      0.13769779
       6404.9871      0.13785392
       6405.4871      0.13801005
       6405.9871      0.13820889
       6406.4871      0.13840886
       6406.9871      0.13860882
       6407.4871      0.13884694
       6407.9871      0.13908608
       6408.4871      0.13932521
       6408.9871      0.13959750
       6409.4871      0.13987067
       6409.9871      0.14014384
       6410.4871      0.14044502
       6410.9871      0.14074696
       6411.4871      0.14104889
       6411.9871      0.14137368
       6412.4871      0.14169908
       6412.9871      0.14202449
       6413.4871      0.14236742
       6413.9871      0.14271081
       6414.4871      0.14305421
       6414.9871      0.14340963
       6415.4871      0.14376536
       6415.9871      0.14412110
       6416.4871      0.14448326
       6416.9871      0.14484559
       6417.4871      0.14520792
       6417.9871      0.14557110
       6418.4871      0.14593430
       6418.9871      0.14629750
       6419.4871      0.14665602
       6419.9871      0.14701442
       6420.4871      0.14737282
       6420.9871      0.14772099
       6421.4871      0.14806890
       6421.9871      0.14841680
       6422.4871      0.14874911
       6422.9871      0.14908101
       6423.4871      0.14941291
       6423.9871      0.14972393
       6424.4871      0.15003440
       6424.9871      0.15034486
       6425.4871      0.15062932
       6425.9871      0.15091309
       6426.4871      0.15119685
       6426.9871      0.15144965
       6427.4871      0.15170162
       6427.9871      0.15195358
       6428.4871      0.15216990
       6428.9871      0.15238526
       6429.4871      0.15260063
       6429.9871      0.15277586
       6430.4871      0.15295003
       6430.9871      0.15312419
       6431.4871      0.15325407
       6431.9871      0.15338277
       6432.4871      0.15351147
       6432.9871      0.15359205
       6433.4871      0.15367135
       6433.9871      0.15375065
       6434.4871      0.15377832
       6434.9871      0.15380462
       6435.4871      0.15383092
       6435.9871      0.15380244
       6436.4871      0.15377251
       6436.9871      0.15374258
       6437.4871      0.15365517
       6437.9871      0.15356624
       6438.4871      0.15347730
       6438.9871      0.15332853
       6439.4871      0.15317816
       6439.9871      0.15302779
       6440.4871      0.15281550
       6440.9871      0.15260157
       6441.4871      0.15238764
       6441.9871      0.15211052
       6442.4871      0.15183172
       6442.9871      0.15155292
       6443.4871      0.15120989
       6443.9871      0.15086516
       6444.4871      0.15052042
       6444.9871      0.15011088
       6445.4871      0.14969961
       6445.9871      0.14928835
       6446.4871      0.14881214
       6446.9871      0.14833420
       6447.4871      0.14785627
       6447.9871      0.14731375
       6448.4871      0.14676952
       6448.9871      0.14622529
       6449.4871      0.14561719
       6449.9871      0.14500739
       6450.4871      0.14439759
       6450.9871      0.14372508
       6451.4871      0.14305092
       6451.9871      0.14237675
       6452.4871      0.14164167
       6452.9871      0.14090497
       6453.4871      0.14016827
       6453.9871      0.13937277
       6454.4871      0.13857570
       6454.9871      0.13777863
       6455.4871      0.13692493
       6455.9871      0.13606973
       6456.4871      0.13521453
       6456.9871      0.13430530
       6457.4871      0.13339463
       6457.9871      0.13248397
       6458.4871      0.13152229
       6458.9871      0.13055926
       6459.4871      0.12959623
       6459.9871      0.12858549
       6460.4871      0.12757349
       6460.9871      0.12656149
       6461.4871      0.12550529
       6461.9871      0.12444793
       6462.4871      0.12339056
       6462.9871      0.12229267
       6463.4871      0.12119371
       6463.9871      0.12009474
       6464.4871      0.11895928
       6464.9871      0.11782284
       6465.4871      0.11668641
       6465.9871      0.11551773
       6466.4871      0.11434820
       6466.9871      0.11317866
       6467.4871      0.11198111
       6467.9871      0.11078281
       6468.4871      0.10958451
       6468.9871      0.10836261
       6469.4871      0.10714007
       6469.9871      0.10591754
       6470.4871      0.10467582
       6470.9871      0.10343358
       6471.4871      0.10219135
       6471.9871      0.10093424
       6472.4871     0.099676732
       6472.9871     0.098419225
       6473.4871     0.097151149
       6473.9871     0.095882792
       6474.4871     0.094614435
       6474.9871     0.093339778
       6475.4871     0.092064954
       6475.9871     0.090790130
       6476.4871     0.089513218
       6476.9871     0.088236251
       6477.4871     0.086959283
       6477.9871     0.085684297
       6478.4871     0.084409364
       6478.9871     0.083134430
       6479.4871     0.081865352
       6479.9871     0.080596428
       6480.4871     0.079327505
       6480.9871     0.078068099
       6481.4871     0.076808946
       6481.9871     0.075549793
       6482.4871     0.074303733
       6482.9871     0.073058021
       6483.4871     0.071812308
       6483.9871     0.070583112
       6484.4871     0.069354355
       6484.9871     0.068125598
       6485.4871     0.066916575
       6485.9871     0.065708076
       6486.4871     0.064499576
       6486.9871     0.063313919
       6487.4871     0.062128868
       6487.9871     0.060943817
       6488.4871     0.059784312
       6488.9871     0.058625486
       6489.4871     0.057466660
       6489.9871     0.056335612
       6490.4871     0.055205302
       6490.9871     0.054074992
       6491.4871     0.052974392
       6491.9871     0.051874582
       6492.4871     0.050774772
       6492.9871     0.049706491
       6493.4871     0.048639048
       6493.9871     0.047571604
       6494.4871     0.046537365
       6494.9871     0.045504008
       6495.4871     0.044470651
       6495.9871     0.043471847
       6496.4871     0.042473961
       6496.9871     0.041476075
       6497.4871     0.040513692
       6497.9871     0.039552251
       6498.4871     0.038590811
       6498.9871     0.037665692
       6499.4871     0.036741538
       6499.9871     0.035817384
       6500.4871     0.034930297
       6500.9871     0.034044195
       6501.4871     0.033158092
       6501.9871     0.032309431
       6502.4871     0.031461764
       6502.9871     0.030614097
       6503.4871     0.029803859
       6503.9871     0.028994615
       6504.4871     0.028185372
       6504.9871     0.027413600
       6505.4871     0.026642824
       6505.9871     0.025872048
       6506.4871     0.025138745
       6506.9871     0.024406438
       6507.4871     0.023674131
       6507.9871     0.022979101
       6508.4871     0.022285060
       6508.9871     0.021591020
       6509.4871     0.020933760
       6509.9871     0.020277477
       6510.4871     0.019621194
       6510.9871     0.019000930
       6511.4871     0.018381624
       6511.9871     0.017762317
       6512.4871     0.017178283
       6512.9871     0.016595187
       6513.4871     0.016012090
       6513.9871     0.015463493
       6514.4871     0.014915813
       6514.9871     0.014368133
       6515.4871     0.013854142
       6515.9871     0.013341045
       6516.4871     0.012827948
       6516.9871     0.012347712
       6517.4871     0.011868349
       6517.9871     0.011388986
       6518.4871     0.010941635
       6518.9871     0.010495135
       6519.4871     0.010048635
       6519.9871    0.0096333716
       6520.4871    0.0092189377
       6520.9871    0.0088045038
       6521.4871    0.0084205119
       6521.9871    0.0080373287
       6522.4871    0.0076541455
       6522.9871    0.0073004097
       6523.4871    0.0069474563
       6523.9871    0.0065945029
       6524.4871    0.0062699939
       6524.9871    0.0059462406
       6525.4871    0.0056224873
       6525.9871    0.0053262895
       6526.4871    0.0050308239
       6526.9871    0.0047353582
       6527.4871    0.0044666446
       6527.9871    0.0041986416
       6528.4871    0.0039306386
       6528.9871    0.0036887833
       6529.4871    0.0034476227
       6529.9871    0.0032064621
       6530.4871    0.0029909785
       6530.9871    0.0027761771
       6531.4871    0.0025613757
       6531.9871    0.0023718207
       6532.4871    0.0021829364
       6532.9871    0.0019940520
       6533.4871    0.0018299406
       6533.9871    0.0016664873
       6534.4871    0.0015030340
       6534.9871    0.0013638512
       6535.4871    0.0012253132
       6535.9871    0.0010867752
       6536.4871   0.00097215128
       6536.9871   0.00085816270
       6537.4871   0.00074417411
       6537.9871   0.00065386379
       6538.4871   0.00056418252
       6538.9871   0.00047450125
       6539.4871   0.00040830439
       6539.9871   0.00034273142
       6540.4871   0.00027715845
       6540.9871   0.00023478652
       6541.4871   0.00019303095
       6541.9871   0.00015127539
       6542.4871   0.00013246069
       6542.9871   0.00011425544
       6543.4871   9.6050199e-05
       6543.9871   0.00010070295
       6544.4871   0.00010596297
       6544.9871   0.00011122298
       6545.4871   0.00013943162
       6545.9871   0.00016824992
       6546.4871   0.00019706822
       6546.9871   0.00024895007
       6547.4871   0.00030144463
       6547.9871   0.00035393920
       6548.4871   0.00042944166
       6548.9871   0.00050555535
       6549.4871   0.00058166905
       6549.9871   0.00068062358
       6550.4871   0.00078018491
       6550.9871   0.00087974625
       6551.4871    0.0010019979
       6551.9871    0.0011248523
       6552.4871    0.0012477067
       6552.9871    0.0013931405
       6553.4871    0.0015391742
       6553.9871    0.0016852078
       6554.4871    0.0018538245
       6554.9871    0.0020230412
       6555.4871    0.0021922578
       6555.9871    0.0023839072
       6556.4871    0.0025761525
       6556.9871    0.0027683978
       6557.4871    0.0029824885
       6557.9871    0.0031971595
       6558.4871    0.0034118305
       6558.9871    0.0036478887
       6559.4871    0.0038845150
       6559.9871    0.0041211413
       6560.4871    0.0043787415
       6560.9871    0.0046368988
       6561.4871    0.0048950561
       6561.9871    0.0051735451
       6562.4871    0.0054525741
       6562.9871    0.0057316032
       6563.4871    0.0060302896
       6563.9871    0.0063294982
       6564.4871    0.0066287069
       6564.9871    0.0069468563
       6565.4871    0.0072655090
       6565.9871    0.0075841616
       6566.4871    0.0079208816
       6566.9871    0.0082580815
       6567.4871    0.0085952814
       6567.9871    0.0089494902
       6568.4871    0.0093041509
       6568.9871    0.0096588116
       6569.4871     0.010029291
       6569.9871     0.010400192
       6570.4871     0.010771092
       6570.9871     0.011156487
       6571.4871     0.011542266
       6571.9871     0.011928046
       6572.4871     0.012326854
       6572.9871     0.012726007
       6573.4871     0.013125160
       6573.9871     0.013535656
       6574.4871     0.013946453
       6574.9871     0.014357249
       6575.4871     0.014777667
       6575.9871     0.015198341
       6576.4871     0.015619014
       6576.9871     0.016047516
       6577.4871     0.016476225
       6577.9871     0.016904935
       6578.4871     0.017339623
       6578.9871     0.017774470
       6579.4871     0.018209317
       6579.9871     0.018648287
       6580.4871     0.019087367
       6580.9871     0.019526447
       6581.4871     0.019967573
       6581.9871     0.020408753
       6582.4871     0.020849933
       6582.9871     0.021290743
       6583.4871     0.021731542
       6583.9871     0.022172342
       6584.4871     0.022610428
       6584.9871     0.023048441
       6585.4871     0.023486455
       6585.9871     0.023919737
       6586.4871     0.024352894
       6586.9871     0.024786051
       6587.4871     0.025212700
       6587.9871     0.025639176
       6588.4871     0.026065653
       6588.9871     0.026483690
       6589.4871     0.026901504
       6589.9871     0.027319318
       6590.4871     0.027726585
       6590.9871     0.028133571
       6591.4871     0.028540558
       6591.9871     0.028934790
       6592.4871     0.029328683
       6592.9871     0.029722576
       6593.4871     0.030101494
       6593.9871     0.030480014
       6594.4871     0.030858533
       6594.9871     0.031220032
       6595.4871     0.031581079
       6595.9871     0.031942125
       6596.4871     0.032284306
       6596.9871     0.032625986
       6597.4871     0.032967666
       6597.9871     0.033288670
       6598.4871     0.033609124
       6598.9871     0.033929578
       6599.4871     0.034227733
       6599.9871     0.034525296
       6600.4871     0.034822858
       6600.9871     0.035096828
       6601.4871     0.035370172
       6601.9871     0.035643515
       6602.4871     0.035891943
       6602.9871     0.036139710
       6603.4871     0.036387476
       6603.9871     0.036609073
       6604.4871     0.036829974
       6604.9871     0.037050875
       6605.4871     0.037244612
       6605.9871     0.037437628
       6606.4871     0.037630644
       6606.9871     0.037795775
       6607.4871     0.037960164
       6607.9871     0.038124554
       6608.4871     0.038260539
       6608.9871     0.038395770
       6609.4871     0.038531000
       6609.9871     0.038637432
       6610.4871     0.038743098
       6610.9871     0.038848765
       6611.4871     0.038925565
       6611.9871     0.039001598
       6612.4871     0.039077631
       6612.9871     0.039124948
       6613.4871     0.039171502
       6613.9871     0.039218055
       6614.4871     0.039236063
       6614.9871     0.039253312
       6615.4871     0.039270562
       6615.9871     0.039259569
       6616.4871     0.039247825
       6616.9871     0.039236082
       6617.4871     0.039196694
       6617.9871     0.039156571
       6618.4871     0.039116449
       6618.9871     0.039049498
       6619.4871     0.038981834
       6619.9871     0.038914170
       6620.4871     0.038820628
       6620.9871     0.038726398
       6621.4871     0.038632168
       6621.9871     0.038513056
       6622.4871     0.038393283
       6622.9871     0.038273510
       6623.4871     0.038129975
       6623.9871     0.037985809
       6624.4871     0.037841642
       6624.9871     0.037675006
       6625.4871     0.037507773
       6625.9871     0.037340539
       6626.4871     0.037152278
       6626.9871     0.036963458
       6627.4871     0.036774638
       6627.9871     0.036566290
       6628.4871     0.036357423
       6628.9871     0.036148555
       6629.4871     0.035921642
       6629.9871     0.035694249
       6630.4871     0.035466856
       6630.9871     0.035222879
       6631.4871     0.034978461
       6631.9871     0.034734044
       6632.4871     0.034474626
       6632.9871     0.034214809
       6633.4871     0.033954993
       6633.9871     0.033681922
       6634.4871     0.033408499
       6634.9871     0.033135077
       6635.4871     0.032850161
       6635.9871     0.032564941
       6636.4871     0.032279720
       6636.9871     0.031984632
       6637.4871     0.031689283
       6637.9871     0.031393933
       6638.4871     0.031090300
       6638.9871     0.030786447
       6639.4871     0.030482593
       6639.9871     0.030172093
       6640.4871     0.029861416
       6640.9871     0.029550739
       6641.4871     0.029235130
       6641.9871     0.028919390
       6642.4871     0.028603650
       6642.9871     0.028284351
       6643.4871     0.027964958
       6643.9871     0.027645565
       6644.4871     0.027323749
       6644.9871     0.027001869
       6645.4871     0.026679989
       6645.9871     0.026357070
       6646.4871     0.026034123
       6646.9871     0.025711177
       6647.4871     0.025388640
       6647.9871     0.025066113
       6648.4871     0.024743587
       6648.9871     0.024422720
       6649.4871     0.024101896
       6649.9871     0.023781073
       6650.4871     0.023462964
       6650.9871     0.023144928
       6651.4871     0.022826891
       6651.9871     0.022512468
       6652.4871     0.022198141
       6652.9871     0.021883814
       6653.4871     0.021573952
       6653.9871     0.021264209
       6654.4871     0.020954466
       6654.9871     0.020649996
       6655.4871     0.020345666
       6655.9871     0.020041336
       6656.4871     0.019743029
       6656.9871     0.019444882
       6657.4871     0.019146735
       6657.9871     0.018855210
       6658.4871     0.018563860
       6658.9871     0.018272510
       6659.4871     0.017988222
       6659.9871     0.017704122
       6660.4871     0.017420022
       6660.9871     0.017143309
       6661.4871     0.016866793
       6661.9871     0.016590276
       6662.4871     0.016321507
       6662.9871     0.016052943
       6663.4871     0.015784380
       6663.9871     0.015523941
       6664.4871     0.015263717
       6664.9871     0.015003494
       6665.4871     0.014751710
       6665.9871     0.014500150
       6666.4871     0.014248590
       6666.9871     0.014005677
       6667.4871     0.013762994
       6667.9871     0.013520310
       6668.4871     0.013286348
       6668.9871     0.013052618
       6669.4871     0.012818888
       6669.9871     0.012593812
       6670.4871     0.012368965
       6670.9871     0.012144118
       6671.4871     0.011927890
       6671.9871     0.011711890
       6672.4871     0.011495890
       6672.9871     0.011288582
       6673.4871     0.011081506
       6673.9871     0.010874429
       6674.4871     0.010675924
       6674.9871     0.010477648
       6675.4871     0.010279371
       6675.9871     0.010089404
       6676.4871    0.0098996574
       6676.9871    0.0097099110
       6677.4871    0.0095282797
       6677.9871    0.0093468639
       6678.4871    0.0091654482
       6678.9871    0.0089920012
       6679.4871    0.0088187659
       6679.9871    0.0086455305
       6680.4871    0.0084801403
       6680.9871    0.0083149584
       6681.4871    0.0081497766
       6681.9871    0.0079922798
       6682.4871    0.0078349872
       6682.9871    0.0076776945
       6683.4871    0.0075278314
       6683.9871    0.0073781657
       6684.4871    0.0072285000
       6684.9871    0.0070858945
       6685.4871    0.0069434765
       6685.9871    0.0068010585
       6686.4871    0.0066654431
       6686.9871    0.0065300085
       6687.4871    0.0063945738
       6687.9871    0.0062658074
       6688.4871    0.0061372181
       6688.9871    0.0060086289
       6689.4871    0.0058865651
       6689.9871    0.0057646747
       6690.4871    0.0056427843
       6690.9871    0.0055271430
       6691.4871    0.0054116677
       6691.9871    0.0052961924
       6692.4871    0.0051865862
       6692.9871    0.0050771359
       6693.4871    0.0049676856
       6693.9871    0.0048639102
       6694.4871    0.0047602855
       6694.9871    0.0046566608
       6695.4871    0.0045585555
       6695.9871    0.0044605968
       6696.4871    0.0043626381
       6696.9871    0.0042698898
       6697.4871    0.0041772798
       6697.9871    0.0040846699
       6698.4871    0.0039970145
       6698.9871    0.0039094907
       6699.4871    0.0038219670
       6699.9871    0.0037392581
       6700.4871    0.0036566771
       6700.9871    0.0035740961
       6701.4871    0.0034962535
       6701.9871    0.0034185368
       6702.4871    0.0033408201
       6702.9871    0.0032676893
       6703.4871    0.0031946804
       6703.9871    0.0031216715
       6704.4871    0.0030529427
       6704.9871    0.0029843277
       6705.4871    0.0029157127
       6705.9871    0.0028510133
       6706.4871    0.0027864180
       6706.9871    0.0027218228
       6707.4871    0.0026608732
       6707.9871    0.0026000205
       6708.4871    0.0025391678
       6708.9871    0.0024819197
       6709.4871    0.0024247674
       6709.9871    0.0023676151
       6710.4871    0.0023140219
       6710.9871    0.0022605232
       6711.4871    0.0022070246
       6711.9871    0.0021569353
       6712.4871    0.0021069366
       6712.9871    0.0020569380
       6713.4871    0.0020101302
       6713.9871    0.0019634072
       6714.4871    0.0019166841
       6714.9871    0.0018729575
       6715.4871    0.0018293105
       6715.9871    0.0017856635
       6716.4871    0.0017449009
       6716.9871    0.0017042149
       6717.4871    0.0016635289
       6717.9871    0.0016256032
       6718.4871    0.0015877509
       6718.9871    0.0015498986
       6719.4871    0.0015146602
       6719.9871    0.0014794912
       6720.4871    0.0014443222
       6720.9871    0.0014116359
       6721.4871    0.0013790155
       6721.9871    0.0013463952
       6722.4871    0.0013161588
       6722.9871    0.0012859859
       6723.4871    0.0012558129
       6723.9871    0.0012279651
       6724.4871    0.0012001791
       6724.9871    0.0011723931
       6725.4871    0.0011468794
       6725.9871    0.0011214261
       6726.4871    0.0010959727
       6726.9871    0.0010727115
       6727.4871    0.0010495085
       6727.9871    0.0010263055
       6728.4871    0.0010051475
       6728.9871   0.00098404393
       6729.4871   0.00096294031
       6729.9871   0.00094363456
       6730.4871   0.00092437658
       6730.9871   0.00090511859
       6731.4871   0.00088742135
       6731.9871   0.00086976557
       6732.4871   0.00085210979
       6732.9871   0.00083604454
       6733.4871   0.00082002154
       6733.9871   0.00080399854
       6734.4871   0.00078977764
       6734.9871   0.00077560462
       6735.4871   0.00076143160
       6735.9871   0.00074926837
       6736.4871   0.00073715854
       6736.9871   0.00072504871
       6737.4871   0.00071485122
       6737.9871   0.00070470454
       6738.4871   0.00069455786
       6738.9871   0.00068609695
       6739.4871   0.00067768082
       6739.9871   0.00066926469
       6740.4871   0.00066237719
       6740.9871   0.00065553030
       6741.4871   0.00064868341
       6741.9871   0.00064323005
       6742.4871   0.00063781371
       6742.9871   0.00063239737
       6743.4871   0.00062832600
       6743.9871   0.00062429037
       6744.4871   0.00062025474
       6744.9871   0.00061742412
       6745.4871   0.00061462551
       6745.9871   0.00061182691
       6746.4871   0.00060999221
       6746.9871   0.00060818311
       6747.4871   0.00060637402
       6747.9871   0.00060552473
       6748.4871   0.00060470093
       6748.9871   0.00060387714
       6749.4871   0.00060421595
       6749.9871   0.00060458565
       6750.4871   0.00060495534
       6750.9871   0.00060655328
       6751.4871   0.00060818385
       6751.9871   0.00060981443
       6752.4871   0.00061257564
       6752.9871   0.00061536689
       6753.4871   0.00061815814
       6753.9871   0.00062188035
       6754.4871   0.00062562730
       6754.9871   0.00062937424
       6755.4871   0.00063398272
       6755.9871   0.00063861409
       6756.4871   0.00064324546
       6756.9871   0.00064868755
       6757.4871   0.00065415117
       6757.9871   0.00065961480
       6758.4871   0.00066569758
       6758.9871   0.00067179681
       6759.4871   0.00067789604
       6759.9871   0.00068448795
       6760.4871   0.00069109295
       6760.9871   0.00069769795
       6761.4871   0.00070478999
       6761.9871   0.00071189497
       6762.4871   0.00071899995
       6762.9871   0.00072676768
       6763.4871   0.00073455301
       6763.9871   0.00074233835
       6764.4871   0.00075094073
       6764.9871   0.00075956481
       6765.4871   0.00076818890
       6765.9871   0.00077753664
       6766.4871   0.00078690361
       6766.9871   0.00079627058
       6767.4871   0.00080600927
       6767.9871   0.00081575783
       6768.4871   0.00082550639
       6768.9871   0.00083533526
       6769.4871   0.00084516626
       6769.9871   0.00085499727
       6770.4871   0.00086488627
       6770.9871   0.00087477682
       6771.4871   0.00088466737
       6771.9871   0.00089477594
       6772.4871   0.00090489029
       6772.9871   0.00091500465
       6773.4871   0.00092549802
       6773.9871   0.00093600145
       6774.4871   0.00094650489
       6774.9871   0.00095746725
       6775.4871   0.00096844180
       6775.9871   0.00097941635
       6776.4871   0.00099080588
       6776.9871    0.0010022064
       6777.4871    0.0010136070
       6777.9871    0.0010253012
       6778.4871    0.0010370032
       6778.9871    0.0010487052
       6779.4871    0.0010605848
       6779.9871    0.0010724691
       6780.4871    0.0010843534
       6780.9871    0.0010962884
       6781.4871    0.0011082248
       6781.9871    0.0011201611
       6782.4871    0.0011320416
       6782.9871    0.0011439206
       6783.4871    0.0011557996
       6783.9871    0.0011676682
       6784.4871    0.0011795365
       6784.9871    0.0011914048
       6785.4871    0.0012034777
       6785.9871    0.0012155561
       6786.4871    0.0012276344
       6786.9871    0.0012402141
       6787.4871    0.0012528071
       6787.9871    0.0012654002
       6788.4871    0.0012783737
       6788.9871    0.0012913573
       6789.4871    0.0013043410
       6789.9871    0.0013172457
       6790.4871    0.0013301484
       6790.9871    0.0013430511
       6791.4871    0.0013555560
       6791.9871    0.0013680503
       6792.4871    0.0013805447
       6792.9871    0.0013926214
       6793.4871    0.0014046871
       6793.9871    0.0014167528
       6794.4871    0.0014286314
       6794.9871    0.0014405051
       6795.4871    0.0014523788
       6795.9871    0.0014639923
       6796.4871    0.0014755990
       6796.9871    0.0014872056
       6797.4871    0.0014983067
       6797.9871    0.0015093944
       6798.4871    0.0015204820
       6798.9871    0.0015310307
       6799.4871    0.0015415650
       6799.9871    0.0015520994
       6800.4871    0.0015622210
       6800.9871    0.0015723317
       6801.4871    0.0015824424
       6801.9871    0.0015921462
       6802.4871    0.0016018392
       6802.9871    0.0016115322
       6803.4871    0.0016205751
       6803.9871    0.0016296008
       6804.4871    0.0016386264
       6804.9871    0.0016466081
       6805.4871    0.0016545621
       6805.9871    0.0016625161
       6806.4871    0.0016690301
       6806.9871    0.0016755058
       6807.4871    0.0016819814
       6807.9871    0.0016868943
       6808.4871    0.0016917656
       6808.9871    0.0016966369
       6809.4871    0.0016999101
       6809.9871    0.0017031407
       6810.4871    0.0017063714
       6810.9871    0.0017076931
       6811.4871    0.0017089641
       6811.9871    0.0017102351
       6812.4871    0.0017092341
       6812.9871    0.0017081728
       6813.4871    0.0017071115
       6813.9871    0.0017035444
       6814.4871    0.0016999107
       6814.9871    0.0016962770
       6815.4871    0.0016898460
       6815.9871    0.0016833407
       6816.4871    0.0016768354
       6816.9871    0.0016672177
       6817.4871    0.0016575174
       6817.9871    0.0016478170
       6818.4871    0.0016346637
       6818.9871    0.0016214187
       6819.4871    0.0016081738
       6819.9871    0.0015910732
       6820.4871    0.0015738702
       6820.9871    0.0015566672
       6821.4871    0.0015351894
       6821.9871    0.0015135981
       6822.4871    0.0014920068
       6822.9871    0.0014658591
       6823.4871    0.0014395905
       6823.9871    0.0014133218
       6824.4871    0.0013823410
       6824.9871    0.0013512350
       6825.4871    0.0013201290
       6825.9871    0.0012840660
       6826.4871    0.0012478713
       6826.9871    0.0012116766
       6827.4871    0.0011701639
       6827.9871    0.0011285099
       6828.4871    0.0010868560
       6828.9871    0.0010393557
       6829.4871   0.00099170015
       6829.9871   0.00094404459
       6830.4871   0.00088993666
       6830.9871   0.00083565732
       6831.4871   0.00078137797
       6831.9871   0.00072011800
       6832.4871   0.00065867258
       6832.9871   0.00059722716
       6833.4871   0.00052863307
       6833.9871   0.00045984906
       6834.4871   0.00039106506
       6834.9871   0.00031509458
       6835.4871   0.00023893318
       6835.9871   0.00016277178
       6836.4871   7.9238198e-05
       6836.9871  -4.4912330e-06
       6837.4871  -8.8220664e-05
       6837.9871  -0.00017970554
       6838.4871  -0.00027139644
       6838.9871  -0.00036308734
       6839.4871  -0.00046304967
       6839.9871  -0.00056323174
       6840.4871  -0.00066341381
       6840.9871  -0.00077236871
       6841.4871  -0.00088155668
       6841.9871  -0.00099074465
       6842.4871   -0.0011089750
       6842.9871   -0.0012274455
       6843.4871   -0.0013459161
       6843.9871   -0.0014734282
       6844.4871   -0.0016011806
       6844.9871   -0.0017289329
       6845.4871   -0.0018657299
       6845.9871   -0.0020027672
       6846.4871   -0.0021398045
       6846.9871   -0.0022860317
       6847.4871   -0.0024325031
       6847.9871   -0.0025789744
       6848.4871   -0.0027349925
       6848.9871   -0.0028912641
       6849.4871   -0.0030475358
       6849.9871   -0.0032138250
       6850.4871   -0.0033803803
       6850.9871   -0.0035469356
       6851.4871   -0.0037239703
       6851.9871   -0.0039012833
       6852.4871   -0.0040785963
       6852.9871   -0.0042664919
       6853.4871   -0.0044546685
       6853.9871   -0.0046428452
       6854.4871   -0.0048415349
       6854.9871   -0.0050405039
       6855.4871   -0.0052394729
       6855.9871   -0.0054489654
       6856.4871   -0.0056587374
       6856.9871   -0.0058685094
       6857.4871   -0.0060887422
       6857.9871   -0.0063092528
       6858.4871   -0.0065297634
       6858.9871   -0.0067606849
       6859.4871   -0.0069918829
       6859.9871   -0.0072230810
       6860.4871   -0.0074648637
       6860.9871   -0.0077069276
       6861.4871   -0.0079489916
       6861.9871   -0.0082017433
       6862.4871   -0.0084547790
       6862.9871   -0.0087078147
       6863.4871   -0.0089714833
       6863.9871   -0.0092354344
       6864.4871   -0.0094993855
       6864.9871   -0.0097739644
       6865.4871    -0.010048826
       6865.9871    -0.010323687
       6866.4871    -0.010609223
       6866.9871    -0.010895043
       6867.4871    -0.011180864
       6867.9871    -0.011477275
       6868.4871    -0.011773969
       6868.9871    -0.012070662
       6869.4871    -0.012377707
       6869.9871    -0.012685027
       6870.4871    -0.012992347
       6870.9871    -0.013309921
       6871.4871    -0.013627768
       6871.9871    -0.013945615
       6872.4871    -0.014273394
       6872.9871    -0.014601437
       6873.4871    -0.014929480
       6873.9871    -0.015267093
       6874.4871    -0.015604960
       6874.9871    -0.015942827
       6875.4871    -0.016289931
       6875.9871    -0.016637281
       6876.4871    -0.016984630
       6876.9871    -0.017340942
       6877.4871    -0.017697492
       6877.9871    -0.018054042
       6878.4871    -0.018419204
       6878.9871    -0.018784594
       6879.4871    -0.019149984
       6879.9871    -0.019523492
       6880.4871    -0.019897216
       6880.9871    -0.020270939
       6881.4871    -0.020652179
       6881.9871    -0.021033619
       6882.4871    -0.021415059
       6882.9871    -0.021803354
       6883.4871    -0.022191830
       6883.9871    -0.022580306
       6884.4871    -0.022974975
       6884.9871    -0.023369809
       6885.4871    -0.023764643
       6885.9871    -0.024164957
       6886.4871    -0.024565417
       6886.9871    -0.024965877
       6887.4871    -0.025371016
       6887.9871    -0.025776279
       6888.4871    -0.026181542
       6888.9871    -0.026590520
       6889.4871    -0.026999597
       6889.9871    -0.027408673
       6890.4871    -0.027820403
       6890.9871    -0.028232202
       6891.4871    -0.028644002
       6891.9871    -0.029057393
       6892.4871    -0.029470827
       6892.9871    -0.029884260
       6893.4871    -0.030298304
       6893.9871    -0.030712365
       6894.4871    -0.031126425
       6894.9871    -0.031539998
       6895.4871    -0.031953558
       6895.9871    -0.032367118
       6896.4871    -0.032778908
       6896.9871    -0.033190650
       6897.4871    -0.033602393
       6897.9871    -0.034011000
       6898.4871    -0.034419524
       6898.9871    -0.034828048
       6899.4871    -0.035232085
       6899.9871    -0.035636002
       6900.4871    -0.036039919
       6900.9871    -0.036438023
       6901.4871    -0.036835972
       6901.9871    -0.037233921
       6902.4871    -0.037624403
       6902.9871    -0.038014687
       6903.4871    -0.038404971
       6903.9871    -0.038785941
       6904.4871    -0.039166665
       6904.9871    -0.039547388
       6905.4871    -0.039917314
       6905.9871    -0.040286954
       6906.4871    -0.040656593
       6906.9871    -0.041013966
       6907.4871    -0.041371013
       6907.9871    -0.041728059
       6908.4871    -0.042071199
       6908.9871    -0.042413969
       6909.4871    -0.042756739
       6909.9871    -0.043083810
       6910.4871    -0.043410463
       6910.9871    -0.043737116
       6911.4871    -0.044046229
       6911.9871    -0.044354875
       6912.4871    -0.044663522
       6912.9871    -0.044952852
       6913.4871    -0.045241669
       6913.9871    -0.045530486
       6914.4871    -0.045798241
       6914.9871    -0.046065438
       6915.4871    -0.046332634
       6915.9871    -0.046577086
       6916.4871    -0.046820934
       6916.9871    -0.047064781
       6917.4871    -0.047284128
       6917.9871    -0.047502824
       6918.4871    -0.047721519
       6918.9871    -0.047913938
       6919.4871    -0.048105659
       6919.9871    -0.048297380
       6920.4871    -0.048461081
       6920.9871    -0.048624037
       6921.4871    -0.048786994
       6921.9871    -0.048920359
       6922.4871    -0.049052939
       6922.9871    -0.049185518
       6923.4871    -0.049287054
       6923.9871    -0.049387764
       6924.4871    -0.049488475
       6924.9871    -0.049556713
       6925.4871    -0.049624089
       6925.9871    -0.049691465
       6926.4871    -0.049724959
       6926.9871    -0.049757552
       6927.4871    -0.049790146
       6927.9871    -0.049787427
       6928.4871    -0.049783770
       6928.9871    -0.049780113
       6929.4871    -0.049739755
       6929.9871    -0.049698422
       6930.4871    -0.049657088
       6930.9871    -0.049577849
       6931.4871    -0.049497602
       6931.9871    -0.049417356
       6932.4871    -0.049298232
       6932.9871    -0.049178075
       6933.4871    -0.049057918
       6933.9871    -0.048897858
       6934.4871    -0.048736738
       6934.9871    -0.048575618
       6935.4871    -0.048373573
       6935.9871    -0.048170440
       6936.4871    -0.047967308
       6936.9871    -0.047722501
       6937.4871    -0.047476587
       6937.9871    -0.047230673
       6938.4871    -0.046942506
       6938.9871    -0.046653216
       6939.4871    -0.046363926
       6939.9871    -0.046031957
       6940.4871    -0.045698854
       6940.9871    -0.045365751
       6941.4871    -0.044989627
       6941.9871    -0.044612361
       6942.4871    -0.044235095
       6942.9871    -0.043814508
       6943.4871    -0.043392770
       6943.9871    -0.042971033
       6944.4871    -0.042505740
       6944.9871    -0.042039290
       6945.4871    -0.041572840
       6945.9871    -0.041062892
       6946.4871    -0.040551789
       6946.9871    -0.040040685
       6947.4871    -0.039486360
       6947.9871    -0.038930887
       6948.4871    -0.038375414
       6948.9871    -0.037777102
       6949.4871    -0.037177652
       6949.9871    -0.036578202
       6950.4871    -0.035936297
       6950.9871    -0.035293265
       6951.4871    -0.034650233
       6951.9871    -0.033965189
       6952.4871    -0.033279029
       6952.9871    -0.032592869
       6953.4871    -0.031865474
       6953.9871    -0.031136983
       6954.4871    -0.030408493
       6954.9871    -0.029639691
       6955.4871    -0.028869817
       6955.9871    -0.028099944
       6956.4871    -0.027290654
       6956.9871    -0.026480317
       6957.4871    -0.025669980
       6957.9871    -0.024821318
       6958.4871    -0.023971639
       6958.9871    -0.023121959
       6959.4871    -0.022235281
       6959.9871    -0.021347621
       6960.4871    -0.020459961
       6960.9871    -0.019536772
       6961.4871    -0.018612639
       6961.9871    -0.017688506
       6962.4871    -0.016730321
       6962.9871    -0.015771231
       6963.4871    -0.014812140
       6963.9871    -0.013820453
       6964.4871    -0.012827900
       6964.9871    -0.011835346
       6965.4871    -0.010811731
       6965.9871   -0.0097872898
       6966.4871   -0.0087628489
       6966.9871   -0.0077091175
       6967.4871   -0.0066546080
       6967.9871   -0.0056000985
       6968.4871   -0.0045183657
       6968.9871   -0.0034359097
       6969.4871   -0.0023534538
       6969.9871   -0.0012458694
       6970.4871  -0.00013761754
       6970.9871   0.00097063436
       6971.4871    0.0021019653
       6971.9871    0.0032339093
       6972.4871    0.0043658534
       6972.9871    0.0055188208
       6973.4871    0.0066723467
       6973.9871    0.0078258726
       6974.4871    0.0089982599
       6974.9871     0.010171148
       6975.4871     0.011344037
       6975.9871     0.012533490
       6976.4871     0.013723383
       6976.9871     0.014913277
       6977.4871     0.016117435
       6977.9871     0.017321972
       6978.4871     0.018526509
       6978.9871     0.019742991
       6979.4871     0.020959791
       6979.9871     0.022176590
       6980.4871     0.023403005
       6980.9871     0.024629674
       6981.4871     0.025856344
       6981.9871     0.027090249
       6982.4871     0.028324346
       6982.9871     0.029558442
       6983.4871     0.030797351
       6983.9871     0.032036388
       6984.4871     0.033275424
       6984.9871     0.034516877
       6985.4871     0.035758395
       6985.9871     0.036999913
       6986.4871     0.038241477
       6986.9871     0.039483043
       6987.4871     0.040724609
       6987.9871     0.041963939
       6988.4871     0.043203209
       6988.9871     0.044442479
       6989.4871     0.045677340
       6989.9871     0.046912083
       6990.4871     0.048146827
       6990.9871     0.049374969
       6991.4871     0.050602935
       6991.9871     0.051830901
       6992.4871     0.053049877
       6992.9871     0.054268615
       6993.4871     0.055487352
       6993.9871     0.056694674
       6994.4871     0.057901693
       6994.9871     0.059108712
       6995.4871     0.060302058
       6995.9871     0.061495042
       6996.4871     0.062688025
       6996.9871     0.063865471
       6997.4871     0.065042503
       6997.9871     0.066219536
       6998.4871     0.067379378
       6998.9871     0.068538763
